0,0,0,0,76393,0,0,0,0,0,12794,0,0,0,0,0,0,0,0,0,0,0,0,0,0,0,0,0,0,0,0,0,0,0,0,0,0,0,0,0,0,0,0,0,0,0,0,14952,0,0,0,0,45217,0,0,0,0,0,0,0,0,0,0,0,0,0,0,0,0,0,0,0,0,0,27472,0,0,0,0,0,0,0,0,0,0,16709,0,0,0,0,0,0,0,0,0,0,0,0,1.1926e+05,0,0,0,0,0,0,0,0,0,0,0,0,0,0,0,0,0,0,0,0,0,0,0,0,0,0,0,0,0,0,0,0,0,0,0,0,0,0,26305,0,0,17276,0,0,0,0
0,0,0,0,0,0,0,0,0,0,0,0,0,3873.8,1396,0,0,0,0,0,0,0,0,0,0,0,0,0,0,0,0,0,0,0,0,0,0,0,0,0,0,0,0,0,0,0,0,0,31368,0,0,0,0,0,0,0,0,0,0,0,0,0,0,0,0,17214,0,0,0,0,0,0,0,0,8861.7,0,0,0,0,0,0,26482,0,9265.6,0,0,21370,0,0,0,0,0,0,0,10615,0,0,0,38470,0,0,0,0,0,29940,0,0,0,0,0,0,0,0,0,0,0,0,0,0,0,0,0,0,0,0,0,0,0,0,0,0,0,0,0,0,0,0,0,0,0,0,0,0,0,0
9115.2,0,0,0,1.5654e+05,0,0,0,0,0,26217,0,0,24608,0,47959,22665,0,0,0,0,0,96669,0,64957,0,0,0,1352,0,0,0,5397.9,0,0,0,79712,0,0,0,3779.3,0,0,0,0,0,18863,30637,1.9926e+05,10083,0,0,92652,0,0,0,0,0,0,0,0,0,0,0,0,1.0935e+05,0,1.1504e+05,0,0,0,0,0,0,56292,0,0,0,0,0,0,1.6822e+05,0,58858,0,34239,1.3575e+05,0,15594,11568,0,0,0,11264,67429,0,0,0,2.4437e+05,0,26847,0,0,10787,1.9019e+05,0,0,63129,0,0,0,3451.9,0,0,5824.2,0,0,0,0,46557,0,0,0,0,0,0,0,0,0,0,0,0,0,0,0,0,0,53900,1526.8,0,0,0,0,0,0
0,0,0,0,0,0,0,0,0,0,0,0,0,9403.5,3388.7,0,0,0,0,0,0,0,36941,0,0,0,0,0,0,0,0,0,0,0,0,0,30461,0,0,0,0,0,0,0,0,0,0,11708,76144,0,0,0,35406,0,0,0,0,0,0,0,0,0,0,0,0,0,0,43959,0,0,0,0,0,0,0,0,0,0,0,0,0,0,0,0,0,13084,51876,0,0,0,0,0,0,0,0,0,0,0,93384,0,0,0,0,0,0,0,0,24124,0,0,0,0,0,0,0,0,0,0,0,17791,0,0,0,0,0,0,0,0,0,0,0,0,0,0,0,0,0,0,0,0,0,0,0,0,0
2.5332e+05,0,3.4733e+05,0,0,32118,1.4628e+05,17336,0,1.7609e+05,7.286e+05,0,0,6.8388e+05,2.4644e+05,1.3328e+06,6.299e+05,0,0,0,0,0,2.6866e+06,0,1.8052e+06,1.8812e+05,3.4302e+05,2.1995e+05,37574,1.0654e+05,71631,27629,1.5001e+05,6.5052e+05,0,1.2684e+05,2.2153e+06,0,0,36809,0,0,0,21815,85633,1.4448e+05,5.2421e+05,8.5145e+05,5.5377e+06,2.8023e+05,45704,0,2.5749e+06,1.3969e+05,65029,0,0,72914,53814,48051,1550,20359,2.2049e+05,82488,0,3.0389e+06,0,3.197e+06,29504,0,0,0,1.2828e+05,12793,1.5644e+06,0,3.7699e+05,29780,0,0,29693,4.675e+06,99975,1.6357e+06,6.8269e+05,9.5154e+05,3.7727e+06,1.8405e+05,4.3337e+05,3.2149e+05,0,0,1.2266e+05,3.1304e+05,1.8739e+06,0,52936,73491,6.7915e+06,0,7.4612e+05,42498,0,2.9977e+05,5.2856e+06,45550,0,1.7544e+06,0,27660,0,95933,79646,0,1.6186e+05,1.2993e+05,0,0,0,1.2939e+06,5.0814e+05,1.9343e+05,0,82523,64352,4.1508e+05,88036,0,1.5017e+05,0,1.0005e+05,0,0,0,0,0,19255,1.498e+06,42432,0,9.8383e+05,26968,65945,0,1.0011e+05
0,0,13861,0,0,0,0,0,0,0,0,0,0,27291,0,53189,25137,0,0,0,0,0,1.0721e+05,0,72041,7507.3,13689,0,0,0,0,0,0,25960,0,0,88405,0,0,0,0,0,0,0,0,0,20920,0,2.2099e+05,11183,0,10404,1.0276e+05,0,0,0,0,0,0,0,0,0,0,0,0,1.2127e+05,0,0,0,0,0,0,0,0,62431,0,15044,0,0,0,0,1.8656e+05,0,0,27244,0,1.5056e+05,0,17294,0,0,0,0,0,74783,0,0,0,2.7102e+05,2297.5,0,0,0,0,2.1093e+05,1817.8,0,0,0,0,0,0,3178.4,0,0,0,0,0,0,0,20278,0,0,0,0,16565,0,0,0,0,0,6283.8,0,0,0,0,0,0,0,0,0,0,0,0,0
0,0,0,0,79837,0,0,0,0,0,0,0,0,0,0,24460,0,0,0,0,0,0,49304,0,0,0,0,0,0,0,0,0,2753.1,0,0,0,40655,0,0,0,0,0,0,0,0,0,0,0,1.0163e+05,0,0,0,47255,0,0,0,0,0,0,0,0,0,0,0,0,55770,0,58671,0,0,0,0,0,0,28711,0,0,0,0,0,0,85796,0,0,0,0,0,0,0,0,0,0,0,0,34391,0,0,0,1.2464e+05,0,0,0,0,5501.4,97001,0,0,32198,0,0,0,0,0,0,0,0,0,0,0,23745,0,0,0,0,0,7617.6,0,0,0,0,0,0,0,0,0,0,0,27491,0,0,18055,0,0,0,0
7076,0,0,0,1.2152e+05,0,0,0,0,0,0,0,0,0,0,0,0,0,0,0,0,0,75044,0,50426,0,0,6143.8,0,0,0,0,0,0,0,0,0,0,0,0,2933.8,0,0,0,0,0,0,23784,1.5468e+05,0,0,0,71925,0,1816.4,5758.1,0,0,0,0,0,0,0,0,0,0,0,0,0,0,0,0,3583.3,0,43699,0,10530,0,0,0,0,1.3059e+05,0,45691,0,26579,1.0538e+05,0,0,8980.3,0,0,0,8744,0,0,0,0,0,0,0,0,0,0,1.4764e+05,1272.4,5586.9,0,0,0,0,0,0,0,0,0,0,0,0,0,0,5403,0,2305.1,0,0,0,0,0,0,0,4398.4,0,0,0,0,0,0,0,0,0,0,0,0,0
0,0,0,0,0,0,0,0,0,0,0,0,0,0,0,0,0,0,0,0,0,0,4799.4,0,0,0,0,0,0,0,0,0,0,0,0,0,0,0,0,0,0,0,0,0,0,0,0,0,0,0,0,0,0,0,0,0,0,0,0,0,0,0,0,0,0,0,0,0,0,0,0,0,0,0,0,0,0,0,0,0,0,0,0,0,0,0,0,0,0,0,0,0,0,0,0,0,0,0,12133,0,0,0,0,0,9442.5,0,0,0,0,0,0,0,0,0,0,0,0,0,0,0,0,0,0,0,0,0,0,0,0,0,0,0,0,0,0,0,0,0,0,0,0,0,0,0,0
0,0,27931,0,3.4984e+05,0,0,0,0,0,0,0,5252,54995,19818,1.0718e+05,50655,0,0,0,0,0,2.1604e+05,0,1.4517e+05,0,27584,0,0,8567.8,0,0,0,0,0,10200,1.7815e+05,0,0,0,0,0,0,0,0,0,42156,68471,4.4532e+05,0,0,20966,2.0707e+05,0,5229.4,16577,0,0,0,0,0,0,17731,6633.4,1864.3,2.4438e+05,0,2.5709e+05,0,0,0,0,0,1028.8,1.2581e+05,0,30316,0,0,1997,0,3.7595e+05,8039.7,1.3154e+05,54900,76520,3.0339e+05,0,0,25854,0,0,0,25173,1.507e+05,0,0,0,5.4615e+05,0,60000,0,0,24107,4.2505e+05,0,16084,1.4109e+05,0,0,0,0,0,0,13016,0,0,0,0,1.0405e+05,40863,0,0,0,0,33380,0,0,12076,0,0,0,0,0,0,0,0,1.2046e+05,0,0,79116,0,0,0,0
58946,0,80821,0,1.0123e+06,0,34038,0,0,40975,0,0,15197,1.5913e+05,57346,3.1014e+05,1.4657e+05,0,0,0,10356,0,6.2514e+05,0,4.2006e+05,43774,79818,51181,0,24792,16668,0,0,1.5137e+05,16778,29514,5.1548e+05,0,0,0,0,25893,0,0,19926,33619,1.2198e+05,1.9813e+05,1.2886e+06,65206,10635,60667,5.9917e+05,32505,15132,47968,0,16967,0,0,0,0,51306,19194,0,7.0713e+05,0,7.4391e+05,0,0,0,0,29851,0,0,0,87722,0,0,5778.6,0,1.0878e+06,0,3.8062e+05,1.5886e+05,2.2142e+05,8.7788e+05,42826,1.0084e+05,74809,0,0,0,72841,4.3605e+05,0,0,0,1.5803e+06,0,1.7362e+05,0,0,69755,1.2299e+06,0,46541,4.0825e+05,0,6436.4,0,22323,18533,14190,37664,30234,0,0,0,3.0108e+05,1.1824e+05,45009,11792,0,14974,96586,20485,0,0,0,0,0,0,0,0,0,0,3.4856e+05,9873.5,0,2.2893e+05,0,15345,0,0
0,0,0,0,0,0,0,0,0,0,0,0,0,0,0,0,6853.2,0,0,0,0,0,29229,0,19641,0,0,0,0,0,0,0,0,0,0,0,24102,0,0,0,0,0,0,0,0,0,5703.3,9263.6,60249,0,0,0,0,0,0,0,0,0,0,0,0,0,2398.9,0,0,33063,0,34782,0,0,0,0,0,0,0,0,0,0,0,0,0,0,0,17797,0,0,41046,0,0,3497.8,0,0,0,0,0,0,0,0,73890,0,0,0,0,0,0,0,0,0,0,0,0,0,0,0,0,0,0,0,0,0,0,2104.5,0,0,0,0,0,0,0,0,0,0,0,0,0,0,0,0,0,0,0,0,0,0,0
20395,0,27963,16691,3.5025e+05,0,11777,0,0,0,58660,0,0,55059,19841,1.0731e+05,50713,0,0,0,0,0,0,0,1.4534e+05,0,27616,0,0,8577.7,5767,0,12078,52374,5805.2,0,1.7835e+05,0,2705.5,2963.5,0,0,0,0,6894.3,11632,0,68550,4.4584e+05,22561,0,0,2.0731e+05,0,0,0,0,0,0,0,0,0,17752,0,0,2.4466e+05,0,2.5739e+05,2375.4,0,0,0,0,0,1.2595e+05,0,30351,0,0,0,2390.6,3.7639e+05,0,1.3169e+05,0,76608,3.0374e+05,0,34891,25884,0,0,0,0,1.5087e+05,0,0,0,5.4678e+05,0,0,0,0,24135,4.2554e+05,3667.3,16103,1.4125e+05,0,0,0,0,6412.3,4909.7,0,0,0,0,0,0,40910,0,0,0,0,33418,0,0,0,0,0,12677,0,6193.6,0,0,0,1.206e+05,3416.2,0,79208,0,0,0,0
0,0,0,32408,6.8007e+05,5021,0,0,0,0,1.139e+05,0,10210,0,0,2.0836e+05,98471,0,0,0,0,0,4.1998e+05,0,2.8221e+05,0,53623,34384,0,0,11198,4319.1,23451,1.0169e+05,0,0,3.4631e+05,2390.3,0,0,0,0,0,3410.3,13387,22586,0,1.331e+05,8.6569e+05,43807,0,40758,0,21837,0,0,0,11398,0,0,0,0,34469,0,3624.2,4.7507e+05,0,4.9977e+05,0,0,0,0,20054,0,2.4456e+05,0,58933,0,2329.7,3882.2,0,7.3083e+05,0,2.5571e+05,1.0672e+05,1.4875e+05,5.8978e+05,28772,67748,50258,0,0,0,0,2.9295e+05,0,0,11489,1.0617e+06,0,1.1664e+05,0,0,46862,8.2628e+05,0,31267,2.7427e+05,924.65,0,0,0,0,0,25304,0,0,0,0,2.0227e+05,79435,30238,0,0,0,64889,13762,0,0,11509,15640,24616,0,12026,0,0,0,2.3417e+05,0,0,1.538e+05,0,0,0,15649
3.062e+05,0,4.1983e+05,2.5058e+05,5.2584e+06,38823,1.7681e+05,0,33579,2.1285e+05,8.8068e+05,0,78942,8.2663e+05,0,1.6111e+06,7.6139e+05,0,0,0,0,0,3.2473e+06,38395,2.1821e+06,2.2739e+05,4.1462e+05,2.6586e+05,45418,1.2878e+05,86583,0,1.8133e+05,7.8631e+05,87156,1.5331e+05,2.6777e+06,18482,40619,44493,1.2695e+05,1.345e+05,0,26369,0,1.7464e+05,6.3364e+05,1.0292e+06,6.6936e+06,3.3872e+05,55244,3.1514e+05,3.1124e+06,1.6885e+05,78603,2.4917e+05,26697,88134,65047,58081,0,24608,2.6652e+05,99706,0,3.6733e+06,0,3.8643e+06,35662,0,18682,0,1.5506e+05,15464,1.891e+06,0,4.5568e+05,35996,18014,0,0,5.6509e+06,1.2084e+05,1.9772e+06,8.252e+05,1.1502e+06,4.5602e+06,2.2246e+05,5.2383e+05,3.886e+05,41755,0,0,3.7838e+05,2.2651e+06,0,63986,88831,8.2091e+06,69591,9.0186e+05,51368,0,3.6235e+05,6.3889e+06,0,2.4176e+05,2.1207e+06,0,0,24347,1.1596e+05,96271,0,1.9565e+05,0,0,0,0,1.564e+06,6.142e+05,2.338e+05,61256,99749,77785,5.0173e+05,1.0641e+05,0,1.8151e+05,88991,1.2093e+05,1.9033e+05,0,92987,0,0,0,1.8106e+06,51289,0,1.1892e+06,32597,0,80895,1.21e+05
2.6129e+05,0,3.5825e+05,2.1383e+05,4.4872e+06,0,1.5088e+05,0,0,1.8163e+05,7.5152e+05,22902,67364,7.0539e+05,2.542e+05,0,6.4972e+05,0,0,32858,0,0,2.7711e+06,32764,1.862e+06,1.9404e+05,0,2.2687e+05,0,1.0989e+05,73884,0,1.5473e+05,6.7099e+05,74373,1.3083e+05,2.285e+06,0,0,37967,1.0833e+05,1.1477e+05,0,22502,88327,1.4902e+05,5.407e+05,8.7824e+05,5.7119e+06,2.8904e+05,47141,2.6892e+05,2.6559e+06,1.4409e+05,67074,2.1263e+05,0,75208,55507,49562,0,0,2.2743e+05,85083,23913,3.1345e+06,48520,3.2976e+06,30432,0,15942,0,1.3232e+05,13196,1.6136e+06,0,3.8885e+05,0,0,25615,30627,4.8221e+06,1.0312e+05,1.6872e+06,7.0417e+05,9.8147e+05,3.8914e+06,1.8984e+05,4.4701e+05,3.3161e+05,0,0,1.2652e+05,3.2288e+05,1.9329e+06,0,54601,75802,7.0051e+06,59384,7.6959e+05,43834,0,3.092e+05,5.4518e+06,0,2.063e+05,1.8096e+06,0,28531,0,98951,82152,62901,1.6695e+05,1.3402e+05,0,0,0,1.3346e+06,5.2412e+05,0,52272,85119,66377,4.2814e+05,0,27693,1.5489e+05,75939,1.032e+05,1.6242e+05,0,79349,0,0,0,1.5451e+06,43767,0,1.0148e+06,27816,68019,69030,1.0326e+05
0,0,45601,27218,5.7115e+05,0,0,0,0,0,95658,2915.2,0,89787,0,1.7499e+05,0,0,4976.2,0,0,0,3.5272e+05,0,2.3701e+05,24698,45035,28877,0,13988,0,3627.3,19695,85407,0,16653,2.9084e+05,0,0,0,0,0,0,0,11243,0,68824,1.1179e+05,7.2704e+05,36791,6000.4,34230,0,0,0,27064,2899.8,0,0,0,0,0,0,10830,0,3.9898e+05,0,4.1973e+05,0,0,0,0,16842,0,2.0539e+05,0,49495,0,0,0,0,6.1378e+05,0,2.1476e+05,89631,1.2493e+05,4.9532e+05,24163,0,42209,0,0,16105,41098,2.4603e+05,0,6950,0,8.9165e+05,7558.8,97958,5579.5,0,39357,6.9394e+05,5980.3,0,2.3034e+05,0,0,0,0,0,0,0,17059,0,0,0,0,66713,25395,0,0,0,54496,11558,0,19715,0,0,0,0,10100,0,0,0,1.9667e+05,5570.9,0,1.2917e+05,0,0,0,0
0,0,0,0,32144,0,0,0,0,0,0,0,0,0,0,0,4654.2,0,0,0,0,0,19850,0,0,0,0,0,277.63,0,0,0,0,0,0,0,16368,0,0,0,0,0,0,0,0,1067.5,0,0,40916,0,0,0,0,0,0,0,0,0,0,0,0,0,0,0,0,22454,0,0,0,0,0,0,0,0,11559,0,0,0,0,0,0,0,0,12086,0,0,27876,0,0,0,0,0,0,0,13846,0,0,0,50180,0,0,0,0,0,39054,0,0,0,0,0,0,0,0,0,0,0,0,0,0,0,0,0,0,0,0,0,0,0,0,0,0,0,0,0,0,0,0,0,0,0,0,0,0,0,0
0,0,0,0,36702,0,0,0,0,0,0,0,0,5769.7,0,11245,0,0,0,0,0,0,0,0,0,0,0,0,0,0,0,0,0,0,0,0,0,0,0,0,0,0,0,0,0,0,0,7183.4,0,0,0,0,0,0,0,0,0,0,0,0,0,0,0,0,0,25638,0,26972,0,0,0,0,0,0,0,0,0,0,0,0,0,39441,0,0,0,0,0,0,0,0,0,0,0,0,0,0,0,0,57297,0,0,0,0,0,44592,0,0,14802,0,0,0,0,0,0,0,0,0,0,0,0,0,0,0,0,0,0,0,0,0,0,0,0,0,0,0,0,0,0,0,0,0,0,0,0,0
0,0,0,0,0,0,0,0,0,0,6146.4,0,0,0,0,0,0,0,0,0,0,0,22664,0,0,0,2893.7,0,0,0,0,0,0,0,0,0,0,0,0,0,0,0,0,0,0,0,0,0,0,0,0,0,0,0,0,0,0,0,0,0,0,0,0,0,0,0,0,0,0,0,0,0,0,0,0,0,0,0,0,0,0,0,0,0,0,0,0,0,0,0,0,0,0,0,0,0,0,0,0,0,0,0,0,0,44589,0,0,0,0,0,0,0,0,0,0,0,0,0,0,0,0,0,0,0,0,0,0,0,0,0,0,0,0,0,0,0,0,0,0,0,8299.5,0,0,0,0
0,0,0,0,1.8987e+05,0,0,0,1212.5,0,0,0,0,29848,0,58173,27492,0,0,0,0,0,1.1726e+05,0,78791,0,0,0,0,4650.1,0,0,0,28393,3147.1,0,0,0,0,0,4584.1,0,1928,0,3737.5,0,0,37162,2.4169e+05,12231,0,0,1.1238e+05,6096.9,0,0,0,0,0,0,0,0,0,0,0,1.3264e+05,0,1.3953e+05,0,0,0,0,0,0,68281,0,0,0,0,0,0,2.0404e+05,0,71393,29797,0,1.6466e+05,8032.8,18915,0,0,0,0,0,81790,0,0,0,2.9642e+05,0,32565,0,0,0,2.3069e+05,0,0,76574,0,0,0,0,0,0,0,0,0,0,0,0,0,0,0,0,0,18117,0,1171.8,0,0,4366.7,0,0,0,0,0,0,65379,0,0,42940,1177,0,0,0
1336.6,0,0,0,22954,0,0,0,0,0,0,0,0,0,0,0,0,0,0,0,0,0,0,0,0,0,0,0,0,0,0,0,0,0,0,0,11689,0,0,0,0,0,0,0,0,0,0,0,0,0,0,0,0,0,0,0,0,0,0,0,0,0,0,0,0,16035,0,16869,0,0,0,0,0,0,0,0,0,0,0,0,0,0,0,8630.8,3602.2,0,19906,971.1,0,0,0,0,0,0,0,0,0,0,35834,0,0,0,0,0,27889,0,0,0,0,0,0,0,0,0,0,0,0,0,0,0,0,0,0,0,0,0,0,0,0,0,0,0,0,0,0,0,0,0,0,0,0,0,0,0,0
2.1972e+05,0,0,1.7981e+05,3.7733e+06,0,1.2688e+05,0,0,1.5274e+05,6.3196e+05,0,0,5.9318e+05,0,1.1561e+06,5.4636e+05,0,0,0,38601,0,0,0,1.5658e+06,1.6317e+05,2.9752e+05,1.9078e+05,32591,92411,62130,23964,1.3012e+05,5.6424e+05,62541,1.1001e+05,1.9215e+06,0,0,0,91100,96515,38315,0,74275,1.2532e+05,4.5469e+05,7.3852e+05,4.8032e+06,2.4306e+05,39642,2.2614e+05,2.2334e+06,1.2116e+05,0,0,19158,63243,0,0,0,17659,1.9125e+05,71547,0,2.6359e+06,0,2.773e+06,25591,0,0,0,1.1127e+05,0,1.3569e+06,0,3.2699e+05,0,0,21540,25755,4.055e+06,86715,1.4188e+06,5.9214e+05,8.2533e+05,3.2723e+06,1.5964e+05,3.7589e+05,2.7885e+05,0,14259,1.064e+05,0,1.6254e+06,0,45915,63743,5.8907e+06,49937,6.4716e+05,36861,0,2.6001e+05,4.5845e+06,0,1.7348e+05,1.5217e+06,0,0,17471,0,69082,52894,1.4039e+05,0,0,0,0,1.1223e+06,4.4074e+05,1.6777e+05,43956,71578,55817,3.6003e+05,76360,0,1.3025e+05,63858,86779,1.3658e+05,11972,66726,0,0,0,1.2993e+06,0,0,8.5334e+05,23391,57199,58049,86829
0,0,0,0,34854,0,0,0,0,0,0,0,0,0,0,10678,0,0,0,0,0,0,21524,0,0,0,0,0,0,0,0,0,0,0,0,0,17748,0,0,0,0,891.5,0,0,0,0,0,0,0,0,0,0,0,0,0,0,0,0,0,0,0,0,0,0,0,24347,0,0,0,0,0,0,0,0,0,0,0,0,0,0,0,37455,0,0,0,0,30226,0,0,0,0,0,0,0,0,0,0,0,54412,0,0,0,0,2401.7,0,0,0,14056,0,0,0,0,0,0,0,0,0,0,0,10366,0,0,0,0,0,0,0,0,0,0,0,1261.6,0,0,0,0,0,0,0,0,0,0,0,0,0
0,0,2.2814e+05,1.3617e+05,2.8574e+06,0,96081,0,0,1.1566e+05,4.7856e+05,0,0,4.4919e+05,1.6187e+05,8.7545e+05,4.1374e+05,0,0,0,0,0,1.7646e+06,20864,0,1.2356e+05,2.253e+05,1.4447e+05,24680,69980,0,0,98534,4.2728e+05,47360,83311,1.4551e+06,0,22073,24177,68987,73088,29014,0,56246,94898,3.4432e+05,5.5926e+05,3.6373e+06,1.8406e+05,0,1.7125e+05,1.6913e+06,91753,0,1.354e+05,0,47892,0,31561,0,0,1.4482e+05,54180,0,1.996e+06,30897,2.0999e+06,19379,0,0,0,84260,0,1.0276e+06,0,2.4762e+05,0,9788.6,16311,19503,3.0707e+06,0,1.0744e+06,4.4841e+05,6.25e+05,2.478e+06,1.2089e+05,2.8465e+05,2.1117e+05,22690,0,80570,2.0561e+05,1.2309e+06,0,34770,48271,4.4608e+06,37816,4.9007e+05,27914,0,1.969e+05,3.4717e+06,0,1.3137e+05,1.1524e+06,3885,0,0,63012,52314,40055,1.0632e+05,85343,0,0,0,8.4986e+05,3.3376e+05,1.2705e+05,33287,54204,0,2.7264e+05,57825,0,98633,0,65715,1.0343e+05,0,50529,0,0,0,9.839e+05,27870,0,6.4621e+05,0,43315,0,65753
0,0,0,21470,4.5055e+05,0,0,0,0,18237,75459,0,0,70827,25523,1.3804e+05,65237,0,0,0,0,0,2.7824e+05,0,1.8696e+05,0,35525,0,0,0,7418.5,0,0,67373,7467.7,0,2.2943e+05,0,0,0,10878,0,0,0,0,14963,54291,88182,5.7352e+05,29022,0,27002,2.6668e+05,14467,0,21349,0,7551.5,0,4976.5,0,0,0,0,0,3.1473e+05,0,3.311e+05,0,0,0,0,13286,0,1.6202e+05,0,39043,0,0,0,3075.2,4.8418e+05,10354,1.6941e+05,70704,98548,3.9073e+05,0,44883,0,3577.6,0,0,32420,1.9408e+05,0,0,0,7.0337e+05,0,77273,0,0,0,5.4741e+05,0,0,1.817e+05,0,0,0,0,0,0,16764,0,0,0,0,1.34e+05,52626,20033,5248.5,0,0,42989,0,0,0,0,10362,0,0,7967.3,0,0,0,1.5514e+05,4394.5,0,1.0189e+05,0,6829.7,0,10368
23752,0,32566,0,4.079e+05,0,13715,0,0,0,68315,0,0,64122,0,1.2497e+05,59061,0,0,0,4172.7,0,0,0,1.6926e+05,17639,0,0,0,0,0,0,14066,60994,0,0,2.0771e+05,0,0,3451.3,0,0,4141.8,0,8029.1,0,49151,79834,5.1922e+05,0,4285.3,24446,2.4143e+05,0,6097.2,19328,0,6836.6,0,0,0,0,20674,0,0,2.8494e+05,0,2.9976e+05,2766.3,0,0,0,0,0,1.4668e+05,0,0,0,0,0,0,4.3834e+05,9373.9,1.5337e+05,64011,89218,3.5374e+05,0,40634,0,0,0,0,29351,1.7571e+05,0,0,6890.6,6.3678e+05,0,0,3984.7,0,28107,4.9559e+05,0,18753,1.645e+05,0,0,0,8994.9,0,5717.8,15177,0,0,0,0,1.2132e+05,47644,0,0,0,6033.8,0,0,0,0,0,0,0,0,0,0,0,0,1.4045e+05,0,0,92246,0,0,6275,0
0,0,12596,0,1.5776e+05,0,5304.8,0,0,6385.9,26422,0,0,24801,0,0,0,0,0,0,0,0,97427,0,0,0,0,0,0,0,0,0,0,0,0,4599.7,80337,0,1218.7,0,0,0,0,791.13,0,5239.5,19010,30878,0,0,0,0,93379,0,0,0,0,0,0,0,0,0,7996,0,0,1.1021e+05,0,0,0,0,0,0,0,0,0,0,0,0,0,0,0,1.6954e+05,0,59320,24758,0,1.3682e+05,0,0,11659,0,0,0,0,67958,0,0,0,2.4629e+05,0,27058,0,0,10871,1.9168e+05,0,7253.4,0,0,0,0,0,0,2211.5,5869.9,0,0,0,0,46922,18427,0,0,0,0,15053,0,0,0,2669.9,0,0,0,0,0,0,0,0,0,0,0,0,2391.5,0,0
0,0,0,0,1.0464e+05,0,0,0,0,0,0,0,0,16449,0,32058,15151,0,0,0,0,0,0,0,43420,0,8250.4,0,0,0,0,0,3608.2,0,1734.3,0,53283,0,0,0,0,2676.4,0,0,0,0,0,0,1.3319e+05,0,0,0,61933,0,0,0,0,0,0,0,0,0,5303.3,1984,0,73093,0,76895,0,0,0,0,0,0,37628,0,0,0,0,0,0,1.1245e+05,0,0,0,22887,90742,0,10424,0,0,0,0,0,45073,0,0,0,1.6335e+05,0,17946,0,0,0,1.2713e+05,0,0,42199,0,0,0,0,0,0,0,0,0,0,0,0,0,0,0,0,1547.8,0,0,0,3611.8,0,0,0,0,0,0,0,0,36029,0,0,0,0,0,0,0
0,0,0,0,75285,0,0,0,0,0,12609,0,0,0,0,0,0,0,0,0,0,0,46493,0,31241,0,0,0,0,0,0,0,0,11258,0,0,38337,0,0,0,0,0,0,0,0,0,0,0,95833,0,790.93,0,0,0,0,0,0,0,0,0,0,0,0,0,0,0,0,0,0,0,0,0,0,0,27073,0,0,0,0,0,0,80904,0,28308,0,16467,65289,0,0,5563.7,0,0,0,0,32430,0,0,0,1.1753e+05,0,0,0,0,0,91470,0,0,30362,0,0,0,0,0,0,0,0,0,0,0,0,0,0,0,1428.1,0,0,0,0,0,0,0,0,0,0,0,0,0,0,0,0,17026,0,0,0,1732.4
0,0,0,2255.6,0,0,0,0,0,0,0,0,0,0,0,14502,0,0,0,0,0,0,0,0,0,0,0,0,0,0,0,0,0,0,0,0,0,0,0,0,0,0,0,0,0,1572,0,0,60251,0,0,0,28016,0,0,0,0,0,0,0,0,0,0,0,0,33064,0,34784,0,0,0,0,0,0,17021,0,0,0,0,0,0,0,0,0,0,10353,0,0,0,0,0,0,0,0,0,0,0,0,0,0,0,0,0,0,0,0,0,0,0,0,0,0,0,0,0,0,0,0,0,0,0,2104.5,0,0,0,0,957.85,0,0,0,0,0,0,0,0,0,0,0,0,0,0,0,0,0,1089.2
6476.3,0,8879.6,0,1.1122e+05,0,0,0,0,0,0,0,0,0,6300.4,34075,16104,0,0,0,0,0,0,0,46151,4809.4,0,0,0,0,0,0,0,0,0,0,56635,0,0,0,0,0,0,0,0,0,0,0,1.4157e+05,0,0,0,65829,0,0,0,0,0,0,0,0,0,0,2108.8,0,77691,0,81732,0,0,0,0,0,0,0,0,9637.8,0,0,0,0,1.1952e+05,0,0,17453,24326,96450,0,0,0,0,0,3136,0,47908,0,0,0,1.7363e+05,0,19075,0,0,7663.8,1.3513e+05,0,5113.4,0,0,0,0,0,0,0,4138.1,0,0,0,0,33079,12991,0,0,0,0,0,0,0,0,0,0,0,0,1966.7,0,0,0,38296,0,0,25152,0,0,0,2559.3
85276,0,1.1692e+05,0,1.4645e+06,0,49242,5835.7,0,0,0,0,21985,2.3022e+05,82961,4.4868e+05,2.1204e+05,0,12759,0,0,0,9.0438e+05,0,0,63327,1.1547e+05,74042,12649,0,24113,9300.6,0,2.1899e+05,24273,0,7.4573e+05,0,0,12391,35357,0,14870,0,0,48636,0,2.8662e+05,1.8641e+06,94332,15385,87766,8.668e+05,47024,21891,0,0,24545,18115,0,0,0,74224,0,0,1.023e+06,0,1.0762e+06,0,0,0,0,0,0,5.2663e+05,0,1.2691e+05,10025,0,0,0,1.5738e+06,33655,5.5064e+05,2.2981e+05,3.2032e+05,1.27e+06,61956,1.4589e+05,1.0822e+05,0,0,41293,0,6.3083e+05,0,17820,0,2.2862e+06,19381,2.5117e+05,0,0,1.0091e+05,1.7793e+06,0,67330,5.906e+05,0,0,6780.5,32294,0,20529,0,43739,0,0,0,4.3556e+05,0,65114,0,0,21663,1.3973e+05,29636,0,50550,24784,33679,53007,4646.3,0,0,0,0,5.0426e+05,14284,0,3.3119e+05,0,0,22529,0
1.6094e+05,0,2.2066e+05,1.3171e+05,2.7638e+06,20405,92934,11014,0,1.1187e+05,4.6289e+05,0,41492,4.3448e+05,1.5657e+05,8.4678e+05,4.0019e+05,0,0,0,28274,0,1.7068e+06,20181,1.1469e+06,1.1952e+05,2.1792e+05,0,23872,0,45508,0,0,0,45809,80582,1.4074e+06,0,0,23385,0,0,0,0,54404,91790,3.3304e+05,5.4094e+05,3.5182e+06,1.7803e+05,0,1.6564e+05,1.6359e+06,88748,41314,1.3096e+05,14032,46324,0,30527,0,0,1.4008e+05,52406,14729,1.9307e+06,0,2.0311e+06,0,0,9819.3,0,81500,0,9.9391e+05,0,2.395e+05,0,0,15777,18864,2.9701e+06,63516,1.0392e+06,4.3372e+05,6.0453e+05,2.3969e+06,0,2.7533e+05,2.0425e+05,21947,0,77931,1.9888e+05,1.1905e+06,0,33631,46690,4.3147e+06,36577,4.7402e+05,26999,0,1.9045e+05,3.358e+06,28939,1.2707e+05,1.1146e+06,0,17573,12797,60948,50600,38743,1.0283e+05,82548,0,0,0,8.2202e+05,3.2283e+05,1.2289e+05,0,52428,0,2.6371e+05,55931,0,95403,46774,63562,0,8768.8,48874,0,0,0,9.5167e+05,0,0,6.2504e+05,0,41896,42518,63599
0,0,0,0,0,0,0,0,0,0,0,0,0,0,0,0,0,0,0,0,0,0,0,0,21602,0,0,0,0,0,0,0,0,0,0,0,0,0,0,0,0,0,0,0,0,0,0,10188,0,0,0,0,0,0,0,0,0,0,0,0,0,0,0,0,0,36364,0,38255,0,0,0,0,0,0,0,0,0,0,0,0,0,0,0,0,0,0,0,0,0,0,0,0,0,3745.8,0,0,0,0,0,0,0,0,0,0,0,0,0,0,0,0,0,0,0,0,0,0,0,0,0,0,0,0,0,0,0,0,0,0,0,0,0,0,0,0,0,0,0,17925,0,0,11773,0,0,0,0
0,0,0,0,2.3405e+05,0,0,0,0,9473.8,39199,0,0,36793,13259,71708,33889,0,0,0,0,0,0,0,0,10121,18455,11833,0,0,3853.8,0,0,0,0,0,1.1918e+05,0,0,0,0,0,0,0,0,0,28203,45809,2.9793e+05,0,0,14027,1.3853e+05,7515.5,3498.6,0,0,0,0,0,0,0,0,0,0,1.635e+05,0,1.72e+05,0,0,0,0,0,0,84167,0,0,0,0,1336.1,0,2.5152e+05,0,88004,36729,0,2.0297e+05,9901.8,23316,17297,0,0,0,16842,0,0,0,0,3.6538e+05,0,40142,0,0,16128,2.8437e+05,2450.6,0,94390,0,0,0,0,0,0,0,0,0,0,0,69612,27338,10407,0,4439.8,0,0,0,0,0,0,5382.7,0,0,0,0,0,0,0,2282.9,0,52931,0,0,0,0
2.9196e+05,0,4.003e+05,2.3893e+05,5.0138e+06,37017,1.6859e+05,19980,0,2.0295e+05,8.3972e+05,0,75270,7.8818e+05,2.8403e+05,1.5361e+06,7.2597e+05,0,43683,0,0,0,3.0963e+06,36609,2.0806e+06,2.1681e+05,3.9533e+05,2.5349e+05,43305,1.2279e+05,82555,0,1.7289e+05,7.4974e+05,83101,1.4618e+05,0,0,38730,42423,1.2105e+05,0,0,0,98693,1.6651e+05,6.0416e+05,9.8131e+05,6.3822e+06,3.2296e+05,0,3.0048e+05,2.9676e+06,1.61e+05,0,2.3758e+05,25456,84035,0,55379,0,0,2.5412e+05,0,0,3.5024e+06,54214,3.6846e+06,34003,0,17813,0,1.4785e+05,0,1.803e+06,0,4.3448e+05,34322,0,28621,0,5.388e+06,1.1522e+05,1.8852e+06,7.8681e+05,1.0967e+06,4.3481e+06,2.1212e+05,4.9947e+05,3.7053e+05,0,0,1.4137e+05,3.6078e+05,2.1597e+06,0,61010,84699,7.8272e+06,0,8.5991e+05,48979,0,3.4549e+05,6.0917e+06,52497,2.3052e+05,2.022e+06,0,31879,23214,1.1056e+05,91793,70283,1.8655e+05,1.4975e+05,0,44287,0,1.4912e+06,5.8563e+05,2.2293e+05,58407,95109,0,4.7839e+05,1.0146e+05,30943,1.7307e+05,84851,1.1531e+05,1.8148e+05,0,88661,6066.2,0,22192,1.7264e+06,48903,0,1.1339e+06,31081,76002,77132,1.1537e+05
0,0,0,0,47474,0,0,0,0,0,0,0,0,0,0,0,0,0,0,0,0,0,0,0,19700,0,3743.3,0,0,0,0,0,0,0,0,0,24175,0,0,0,0,0,0,0,0,0,0,0,0,0,0,0,28099,0,0,0,0,0,0,0,0,0,0,0,0,0,0,34888,0,0,0,0,0,0,17072,0,4113.9,0,0,0,0,51017,0,0,7450,0,0,0,0,0,0,0,0,0,0,0,0,0,74113,0,0,0,0,3271.3,57680,0,0,0,0,0,0,0,0,0,0,0,0,0,0,14120,0,0,0,0,0,4529.7,0,0,0,0,0,0,0,0,0,0,0,0,0,0,0,0,0,0,0
0,0,0,0,73689,0,0,0,0,0,0,0,0,0,0,22577,0,0,0,0,0,0,45507,0,30578,0,0,3725.7,0,0,0,0,2541.1,11019,0,0,0,0,0,0,0,0,0,0,0,0,0,14423,0,0,0,0,43616,0,0,0,0,0,0,0,0,0,0,0,0,51476,0,0,0,0,0,0,0,0,0,0,0,0,0,0,0,0,1693.5,27707,0,0,63905,0,0,0,0,0,0,0,0,0,0,0,0,0,12638,0,0,0,89531,0,0,0,0,0,0,0,0,0,0,0,0,0,0,0,0,3276.4,0,0,0,0,0,0,0,0,0,0,0,0,0,0,0,0,0,0,0,0,0,0,0
5391.4,0,0,0,0,0,0,0,0,0,0,0,0,0,0,28367,13406,0,0,0,0,0,57178,676.05,38420,0,0,4681.1,0,0,0,0,0,0,0,0,0,0,0,0,0,0,0,0,0,3074.9,0,18121,1.1786e+05,5964,0,5548.8,0,2973,0,0,0,0,0,0,0,0,0,0,0,0,0,0,0,0,0,0,0,0,33295,0,0,0,0,0,0,99497,0,0,0,20251,80294,0,0,0,0,0,0,0,0,0,0,0,1.4454e+05,0,15879,0,0,0,1.1249e+05,0,4256.8,0,0,0,0,0,0,0,0,0,0,0,0,27537,0,0,0,1756.3,0,8834.1,0,0,0,0,0,0,0,0,0,0,0,0,0,0,20939,0,0,1424.3,0
16717,0,22921,0,2.8708e+05,0,0,0,0,0,48081,0,4309.9,45130,0,87956,41568,0,0,0,0,0,1.7729e+05,2096.2,1.1913e+05,0,0,0,0,0,0,0,9899.7,42929,0,8370.2,1.4619e+05,0,0,0,0,0,0,0,0,0,0,56188,3.6544e+05,18492,0,0,1.6992e+05,0,0,0,0,0,3551.3,0,0,0,0,0,0,2.0054e+05,0,2.1097e+05,0,0,0,0,0,0,1.0324e+05,0,24878,0,0,0,0,3.0851e+05,0,1.0794e+05,45052,62793,2.4897e+05,0,28599,0,0,0,8094.8,20658,1.2366e+05,0,0,4849.7,4.4818e+05,0,49237,2804.5,0,19782,3.488e+05,0,0,1.1578e+05,0,0,0,0,0,0,0,0,0,0,0,85385,0,0,0,0,0,0,5809.6,0,0,0,0,0,0,5076.6,0,0,0,98852,2800.1,0,64924,0,0,0,0
0,0,21203,0,2.6557e+05,0,8929.9,0,0,0,0,0,0,41749,0,0,38453,0,0,0,0,0,1.6401e+05,0,1.102e+05,11484,20940,0,0,6504,4372.8,0,0,39712,0,0,0,0,0,0,0,0,0,0,0,8820,32001,51978,3.3806e+05,0,0,0,1.5719e+05,0,0,12584,0,4451.2,0,0,0,0,13460,0,0,1.8552e+05,0,1.9516e+05,0,0,0,0,0,0,95503,0,0,0,0,0,0,2.8539e+05,0,0,0,0,0,0,26456,19626,0,0,7488.3,0,1.144e+05,0,0,0,0,0,45548,0,0,18300,0,0,12210,1.071e+05,0,0,0,0,4862.1,0,0,7931.9,0,0,0,0,0,11808,0,0,0,0,0,0,0,4494.4,0,0,0,0,0,0,0,91445,0,0,60059,0,4025.7,4085.5,0
0,0,0,0,1.2297e+05,0,0,0,0,0,0,0,0,19331,0,37674,17805,0,0,0,0,0,0,0,0,5317.4,9695.8,0,0,0,0,0,0,0,0,0,62617,0,0,0,0,0,0,0,2420.5,0,0,24067,1.5653e+05,0,0,7369.5,72783,0,0,0,0,0,0,0,0,0,6232.4,0,0,0,0,90366,0,0,0,0,0,0,44220,0,0,0,0,0,0,1.3214e+05,0,46236,0,0,0,5202.3,0,9087.4,0,0,0,0,52969,0,0,0,0,0,0,0,0,0,1.494e+05,0,5653.5,49591,0,0,0,0,0,0,0,3672.7,0,0,0,36573,14363,0,0,0,0,11733,0,0,0,0,0,0,0,0,0,0,0,42341,0,0,0,0,0,0,0
0,0,5536.7,0,69348,0,0,0,0,2807,11615,0,0,10902,0,21247,0,0,0,0,0,0,42826,0,28777,2998.8,0,0,0,0,0,0,0,0,0,0,0,0,0,0,0,0,0,0,0,0,0,13573,88275,0,0,0,0,0,0,0,0,0,0,0,0,0,0,0,0,48443,0,50963,470.32,0,0,0,0,0,0,0,0,0,0,0,0,74524,0,26075,0,0,60140,0,0,0,0,0,1955.4,0,29872,0,843.85,0,1.0826e+05,0,11894,0,0,0,84257,0,0,0,0,0,0,0,0,0,0,0,0,0,0,0,8100.1,0,0,0,0,0,0,0,0,0,0,0,0,0,0,0,0,23879,0,0,15683,0,0,0,0
16613,0,22778,0,2.853e+05,0,0,0,0,0,47782,0,0,44849,0,87409,0,0,0,0,0,0,1.7619e+05,0,1.1839e+05,12337,0,0,0,6987.1,4697.6,0,0,42662,0,0,1.4528e+05,0,0,0,0,0,0,0,0,9475,34378,55839,3.6316e+05,18377,0,17098,1.6887e+05,0,0,13519,0,0,0,0,0,0,0,0,0,1.9929e+05,0,0,0,0,0,0,8412.9,0,0,0,24723,0,0,0,0,3.0659e+05,0,1.0727e+05,0,62402,0,12070,28421,21084,0,0,8044.4,20529,1.2289e+05,0,0,0,4.4539e+05,0,48931,0,0,19659,3.4663e+05,0,0,1.1506e+05,0,0,0,0,0,0,0,8521,0,0,0,84854,33324,12685,0,0,0,27221,0,0,0,0,0,0,0,0,0,0,1262.8,98237,0,0,64520,0,0,0,0
9635.7,0,0,0,1.6547e+05,0,0,0,0,6698,27714,0,0,26013,9374.1,50698,23960,0,0,0,0,0,1.0219e+05,0,68666,0,0,0,0,0,0,0,0,24744,2742.7,0,84263,0,0,0,0,0,0,829.8,3257.2,0,19940,32387,2.1064e+05,10659,0,0,97943,0,0,0,0,0,0,0,0,0,0,0,0,1.1559e+05,0,1.216e+05,0,0,0,0,0,0,59507,0,0,0,0,0,0,1.7782e+05,0,62219,25968,0,1.435e+05,7000.6,0,12229,0,0,0,0,71280,0,0,0,2.5833e+05,0,0,0,0,11402,0,0,0,66734,0,0,0,0,0,0,0,4942.2,0,0,0,49216,19328,0,0,3138.9,0,15789,0,0,0,0,0,0,0,0,0,0,0,56978,0,0,37422,0,0,0,3807.8
46206,0,63353,37813,7.935e+05,0,26681,0,0,32119,1.329e+05,4050,11912,1.2474e+05,44951,2.4311e+05,1.1489e+05,0,0,0,0,0,4.9003e+05,0,3.2927e+05,34313,62567,40119,0,19433,0,0,27363,1.1866e+05,13152,23135,4.0407e+05,0,0,0,0,20296,0,0,15619,0,0,1.553e+05,1.0101e+06,0,8336.3,47555,0,25480,0,37600,0,0,0,0,0,0,0,0,0,5.543e+05,0,5.8313e+05,0,0,0,0,23399,2333.5,2.8535e+05,0,0,0,0,4529.7,0,8.5272e+05,0,2.9836e+05,1.2452e+05,1.7356e+05,6.8814e+05,33570,79047,58640,6300.9,0,0,57098,3.4181e+05,0,0,13405,1.2388e+06,0,1.3609e+05,0,0,54678,9.6409e+05,0,36482,3.2001e+05,0,0,0,17498,0,0,0,23700,0,0,0,2.36e+05,92684,35281,0,15052,0,75711,16058,0,27390,13429,0,0,0,14032,0,0,0,2.7323e+05,0,0,1.7945e+05,0,0,0,18259
73258,0,1.0044e+05,59951,1.2581e+06,0,42302,5013.3,8033.6,50923,2.107e+05,0,18887,1.9777e+05,71269,0,1.8216e+05,0,0,0,0,0,7.7692e+05,9186,5.2205e+05,54402,99196,63606,0,30811,20715,0,43382,1.8812e+05,0,36680,6.4063e+05,0,0,10645,0,32179,0,6308.7,0,0,1.516e+05,0,1.6014e+06,81038,0,75397,7.4463e+05,0,0,59613,0,0,0,13896,0,0,63763,23854,0,8.7882e+05,0,9.2452e+05,0,0,0,0,37098,0,0,0,1.0902e+05,0,0,7181.6,8586.8,1.352e+06,28912,4.7303e+05,1.9743e+05,2.7517e+05,1.091e+06,0,1.2533e+05,92972,0,0,0,90526,5.4192e+05,0,0,21252,1.964e+06,16649,2.1577e+05,12290,0,86690,1.5285e+06,13173,57841,5.0736e+05,0,7999,0,27743,0,17635,0,0,0,0,0,3.7417e+05,1.4695e+05,0,0,0,18610,1.2004e+05,0,0,43426,21291,0,45536,0,0,0,0,0,4.3319e+05,12271,0,2.8451e+05,7798.7,19070,0,0
1.9263e+06,0,2.6412e+06,1.5764e+06,3.3081e+07,2.4424e+05,1.1123e+06,1.3183e+05,0,1.339e+06,5.5405e+06,1.6884e+05,4.9663e+05,5.2004e+06,1.874e+06,1.0135e+07,4.7899e+06,0,0,0,0,0,2.0429e+07,2.4155e+05,1.3727e+07,1.4305e+06,2.6084e+06,1.6726e+06,2.8573e+05,8.1018e+05,5.447e+05,2.1009e+05,1.1408e+06,4.9468e+06,5.483e+05,9.6451e+05,1.6846e+07,1.1627e+05,2.5554e+05,2.7991e+05,7.9868e+05,8.4616e+05,3.3591e+05,1.6589e+05,6.5118e+05,1.0987e+06,3.9863e+06,6.4747e+06,0,2.1309e+06,3.4754e+05,1.9826e+06,1.958e+07,1.0622e+06,4.945e+05,1.5676e+06,1.6796e+05,5.5446e+05,4.0922e+05,3.6539e+05,11787,1.5481e+05,1.6767e+06,6.2726e+05,1.7629e+05,2.3109e+07,3.577e+05,2.4311e+07,2.2435e+05,0,1.1753e+05,44572,9.755e+05,97283,1.1896e+07,23025,2.8667e+06,0,1.1332e+05,1.8884e+05,2.2579e+05,3.555e+07,7.6024e+05,1.2439e+07,5.1914e+06,7.2358e+06,2.8689e+07,1.3995e+06,3.2955e+06,2.4447e+06,2.6268e+05,0,9.3277e+05,2.3804e+06,1.425e+07,0,4.0254e+05,5.5884e+05,5.1644e+07,4.378e+05,5.6737e+06,3.2316e+05,0,2.2795e+06,4.0193e+07,3.4638e+05,1.5209e+06,1.3341e+07,44978,2.1034e+05,1.5317e+05,7.295e+05,6.0565e+05,0,1.2308e+06,9.8804e+05,0,0,0,9.839e+06,3.864e+06,1.4709e+06,3.8537e+05,6.2753e+05,4.8935e+05,3.1564e+06,6.6945e+05,0,1.1419e+06,5.5985e+05,7.6079e+05,1.1974e+06,1.0496e+05,5.8499e+05,0,0,1.4642e+05,1.1391e+07,3.2266e+05,1.36e+05,7.4813e+06,2.0507e+05,5.0146e+05,5.0891e+05,7.6124e+05
0,0,0,0,88479,0,0,0,0,0,0,0,0,0,0,27108,12811,0,0,0,0,0,54641,0,0,0,0,0,0,0,0,0,0,0,0,0,45056,0,0,0,0,0,0,0,0,0,10662,0,1.1263e+05,0,0,0,52370,0,0,4192.6,0,0,1094.5,0,0,0,4484.5,0,0,0,0,65022,0,0,0,0,2609.1,0,31818,0,7667.4,0,0,0,0,95083,0,0,0,0,0,0,0,6538.7,0,0,0,6366.7,38113,0,0,0,1.3813e+05,0,0,864.34,0,0,1.075e+05,0,0,0,0,0,0,0,0,0,3292,0,0,0,0,0,0,0,0,0,0,0,0,0,0,1497.4,0,3202.6,0,0,0,0,0,30466,0,0,0,0,0,0,0
0,0,0,0,73444,0,2469.5,0,0,0,12300,0,0,0,0,0,10634,0,0,0,0,0,0,0,30477,0,0,0,0,0,0,0,0,10982,0,2141.3,0,0,0,0,0,0,0,0,0,0,0,0,93489,4730.9,0,0,43471,0,0,0,0,0,0,0,0,0,0,0,0,51304,0,53973,0,0,0,0,0,0,26411,0,0,0,0,0,0,78925,0,0,0,16064,0,0,0,0,0,0,0,0,0,0,893.69,0,1.1466e+05,971.97,0,0,0,0,89233,0,3376.7,0,0,0,0,0,0,0,0,0,0,0,0,0,8578.5,0,0,0,0,0,0,0,0,0,0,0,0,0,0,0,0,25289,0,0,0,0,0,0,0
0,0,0,0,1.0082e+05,0,0,0,0,0,16885,0,0,15848,0,30888,14598,0,0,0,0,0,0,0,0,0,0,0,0,0,0,0,0,0,0,0,51338,0,0,0,0,0,0,0,0,3348.2,12148,19732,1.2833e+05,0,0,0,0,0,0,4777.2,0,0,0,0,0,0,0,1911.6,0,70425,1090.1,74088,0,0,0,0,0,0,36255,0,8736.4,0,0,0,0,1.0834e+05,0,37907,15821,22051,0,4265.2,10043,7450.4,0,0,0,0,43427,0,0,0,1.5739e+05,0,0,0,0,0,0,0,0,40658,0,0,0,2223.2,0,0,0,0,0,0,0,29985,0,0,0,0,0,9619.2,0,0,0,0,2318.6,0,0,0,0,0,0,34714,0,0,0,0,0,0,0
5.5968e+05,0,7.6737e+05,4.5802e+05,9.6114e+06,70961,3.2318e+05,38301,61376,3.8905e+05,1.6097e+06,0,1.4429e+05,1.5109e+06,5.4448e+05,2.9447e+06,1.3917e+06,0,0,0,98324,0,5.9356e+06,70180,3.9884e+06,4.1563e+05,7.5785e+05,4.8595e+05,0,2.3539e+05,0,61041,3.3144e+05,1.4372e+06,1.593e+05,0,4.8944e+06,0,74245,0,0,2.4584e+05,97595,48198,1.8919e+05,3.1921e+05,1.1582e+06,1.8812e+06,1.2235e+07,6.1912e+05,1.0098e+05,5.7602e+05,0,3.0863e+05,1.4367e+05,4.5544e+05,48798,1.6109e+05,1.1889e+05,1.0616e+05,0,44980,4.8714e+05,1.8224e+05,0,6.714e+06,0,7.0633e+06,65184,23538,34147,12950,2.8342e+05,28265,3.4564e+06,0,8.329e+05,0,32926,54866,65602,1.0329e+07,2.2088e+05,3.6139e+06,1.5083e+06,2.1023e+06,8.3352e+06,4.0662e+05,9.5747e+05,7.1029e+05,76321,0,2.7101e+05,6.9161e+05,4.1402e+06,0,1.1695e+05,1.6237e+05,1.5005e+07,1.272e+05,1.6484e+06,0,0,6.623e+05,1.1678e+07,1.0064e+05,0,3.8762e+06,0,61112,44502,2.1195e+05,1.7597e+05,1.3473e+05,3.5761e+05,2.8707e+05,64113,0,0,2.8587e+06,1.1226e+06,4.2735e+05,1.1197e+05,1.8232e+05,0,9.1706e+05,1.945e+05,0,3.3177e+05,1.6266e+05,2.2104e+05,3.4789e+05,30494,1.6996e+05,0,0,0,3.3095e+06,93747,39514,2.1736e+06,59581,1.457e+05,1.4786e+05,2.2117e+05
0,0,29327,0,3.6732e+05,0,0,0,0,14868,61519,0,0,57743,20808,1.1254e+05,53186,0,0,0,0,0,2.2684e+05,0,1.5242e+05,15884,0,0,0,8995.9,0,0,0,0,0,0,1.8705e+05,0,0,0,0,0,0,0,7230.4,12199,44262,71892,4.6757e+05,0,0,0,2.1741e+05,0,5490.7,0,0,6156.5,0,0,0,0,18617,6964.8,0,2.5659e+05,3971.8,2.6994e+05,0,0,1305,0,0,0,1.3209e+05,0,31831,0,0,0,0,3.9473e+05,8441.4,1.3811e+05,57643,80343,3.1855e+05,0,36592,27145,0,0,10357,0,1.5823e+05,0,0,0,5.7343e+05,4861.2,62998,0,0,0,4.4628e+05,0,0,1.4814e+05,0,0,0,0,6724.9,0,0,0,0,0,0,1.0925e+05,42904,0,0,0,0,35047,7433.3,0,0,0,0,0,0,0,0,0,0,1.2648e+05,0,0,83069,2277,0,0,0
0,0,0,0,1.9485e+05,0,6551.7,0,0,0,32633,0,0,30630,11038,59696,0,0,0,0,0,0,1.2033e+05,0,80854,0,0,0,0,4771.9,3208.2,0,0,29136,0,0,99220,0,0,0,4704.2,0,0,0,0,0,0,38135,2.4802e+05,12551,0,11677,1.1533e+05,6256.6,0,9232.8,0,0,0,0,0,0,0,0,0,1.3611e+05,2106.8,1.4319e+05,0,0,0,0,0,0,70069,0,16885,0,0,0,0,2.0939e+05,0,73263,0,0,1.6897e+05,0,0,0,0,0,5494,0,83932,0,0,0,3.0418e+05,0,0,1903.4,0,13426,2.3673e+05,0,0,78579,0,0,0,4296.7,0,0,0,0,0,0,0,57951,22759,8663.4,0,0,0,0,0,0,6725.7,0,0,0,0,0,0,0,0,67091,0,0,44064,0,0,0,4483.6
0,0,0,0,73953,0,0,0,0,0,12386,0,0,0,4189.4,0,0,0,0,0,0,0,45670,0,0,0,0,0,0,0,0,0,0,0,0,0,0,0,0,0,0,0,0,0,0,0,0,14474,94137,0,0,0,0,0,0,0,0,0,0,0,0,0,0,0,0,0,0,54347,0,0,0,0,0,0,0,0,0,0,0,0,0,79472,0,27807,0,0,64133,0,7367.1,0,587.23,0,0,0,0,0,0,0,1.1545e+05,0,0,722.43,0,5095.9,89851,0,0,0,0,0,342.41,0,0,0,0,0,0,0,0,0,0,0,0,0,0,7056.1,0,0,0,0,0,0,0,0,0,0,0,0,0,0,0,0,0,0,0
3784.4,0,0,0,64990,0,0,0,0,0,0,0,0,0,0,0,9410.1,0,0,0,0,0,40135,0,26969,0,0,0,0,0,0,0,0,0,1077.2,0,33094,0,0,0,0,0,0,0,0,2158.4,0,0,82727,0,0,0,38467,0,0,0,0,0,0,717.83,0,0,0,0,0,45399,0,47760,0,0,0,0,0,0,23371,0,0,0,0,0,0,0,0,24436,0,14215,0,0,0,0,0,0,0,0,27995,0,0,0,1.0146e+05,0,11146,0,0,0,78961,0,0,26210,0,0,0,0,1189.8,0,0,0,0,0,0,0,0,0,0,0,0,6200.9,0,0,0,0,0,0,0,0,0,0,0,22378,0,0,14697,0,0,0,0
0,0,0,0,1.9063e+05,0,0,0,0,0,31926,0,0,29967,0,0,0,0,0,0,0,0,0,0,79103,0,15031,0,0,0,3138.8,0,6573.5,0,0,0,97071,0,0,0,0,0,0,0,0,0,0,0,2.4265e+05,0,0,11424,1.1283e+05,0,0,9032.9,967.83,0,0,0,0,0,0,0,0,1.3316e+05,0,0,0,0,0,0,5621.2,0,68551,0,0,0,0,0,0,2.0485e+05,0,71676,29915,41695,1.6532e+05,0,0,0,0,0,5375,13717,82114,0,0,0,2.9759e+05,0,0,0,0,0,2.3161e+05,0,8764.2,76878,0,0,0,0,0,2672.2,7092.6,5693.4,0,0,0,0,22266,8475.8,0,0,0,18188,0,0,0,3226.1,4384,6899.8,0,3370.9,0,0,0,0,0,0,43110,0,0,0,4386.5
0,0,0,0,1.5821e+05,0,5319.6,0,0,0,26496,0,0,24870,0,48471,0,0,0,0,0,0,97700,1155.2,65650,0,0,0,0,0,0,0,5455.5,0,0,0,80562,0,0,0,0,0,0,0,0,0,0,0,2.0138e+05,10191,0,9481.4,93640,0,0,0,0,0,0,0,0,0,0,0,0,1.1051e+05,1710.7,1.1626e+05,0,0,0,0,0,0,56892,0,13710,0,0,0,0,1.7001e+05,0,59486,24827,34604,1.372e+05,0,15760,0,0,0,0,0,68149,0,1925.1,0,2.4698e+05,0,27133,0,0,0,1.9222e+05,0,0,0,0,0,0,0,0,0,0,4725.1,0,0,0,47054,0,0,0,0,0,15095,0,0,0,0,0,0,0,0,0,0,0,54475,0,0,35778,0,0,0,0
0,0,0,0,45446,0,0,0,0,0,7611.3,0,0,7144.2,0,13924,6580.3,0,0,0,0,0,0,0,18858,0,0,0,0,0,0,0,0,0,0,0,23142,0,351.05,0,0,0,0,0,0,0,0,8894.7,57849,0,0,0,26899,0,0,0,0,0,0,0,0,0,0,0,0,31746,0,33397,0,0,0,0,0,0,16343,0,0,0,155.68,0,0,48838,0,0,0,9940.3,39412,0,4527.2,0,0,0,0,0,19576,0,0,0,70947,0,7794.3,0,0,0,55216,0,0,18328,0,288.95,0,0,0,0,0,1357.3,0,0,0,13517,0,2020.6,0,0,0,0,0,0,0,0,0,0,0,0,0,0,0,15648,0,0,0,0,0,0,0
0,0,0,0,62333,0,0,0,0,0,0,0,0,0,0,0,9025.4,0,0,0,0,0,38494,0,25866,0,0,0,0,0,0,0,0,0,0,0,31741,0,0,0,0,0,0,0,0,0,0,0,79345,0,0,0,36894,0,0,0,0,0,0,0,0,0,0,0,0,0,0,45807,0,0,0,0,0,0,0,0,0,0,0,0,0,0,0,23437,0,0,54056,0,0,0,494.96,0,0,0,0,0,0,0,0,0,0,0,0,0,75733,0,0,0,0,0,0,0,0,0,0,0,0,0,0,18539,0,0,0,0,0,5947.4,0,0,0,0,0,2256.2,0,0,0,0,0,0,0,0,0,0,0,0,1434.4
0,0,8273.4,0,1.0363e+05,0,0,0,0,0,17355,0,0,0,5870.3,31749,15004,0,0,0,0,0,63994,0,43001,4481.1,8170.7,0,0,0,0,0,0,15496,0,0,52768,0,0,876.8,2501.8,0,0,0,0,0,12487,0,1.3191e+05,0,1088.7,0,61335,0,0,0,0,0,0,0,0,0,0,0,0,72387,0,76152,0,0,0,0,0,0,37265,0,0,0,0,0,0,1.1136e+05,0,38964,16262,22666,89866,0,10323,0,0,0,0,0,44638,0,0,0,1.6177e+05,0,17773,0,0,0,1.259e+05,0,0,0,0,0,0,0,0,0,0,0,0,0,0,30821,0,0,0,0,0,9887.3,0,0,0,0,0,0,0,0,0,0,0,35681,0,0,23435,0,0,0,0
61317,0,84071,50180,1.053e+06,0,35407,0,0,42623,1.7636e+05,5374.5,0,1.6553e+05,59652,3.2261e+05,1.5247e+05,0,0,0,0,0,6.5028e+05,0,4.3696e+05,45535,83028,53239,0,0,17338,0,0,1.5746e+05,17453,30701,5.3621e+05,0,0,8909.7,25423,0,10692,5280.4,0,0,1.2689e+05,2.0609e+05,1.3404e+06,67829,0,0,6.2326e+05,33812,0,0,0,17649,0,0,0,4927.9,0,19966,0,7.3557e+05,0,7.7383e+05,0,0,0,0,0,0,3.7867e+05,0,91250,0,0,0,0,1.1316e+06,0,3.9593e+05,1.6525e+05,2.3032e+05,9.1318e+05,44548,1.049e+05,77818,0,0,0,0,4.5359e+05,0,0,17788,1.6439e+06,0,1.806e+05,0,0,72560,1.2794e+06,0,48413,4.2466e+05,1431.7,6695.2,0,0,0,0,39179,31450,7024,0,0,3.1318e+05,1.2299e+05,46819,0,19975,0,1.0047e+05,0,0,36348,0,0,38114,3340.8,0,0,0,0,3.6258e+05,10271,0,2.3814e+05,6527.6,0,0,24231
23507,0,32231,0,4.0369e+05,0,13574,0,0,16341,67611,0,0,63462,0,1.2368e+05,58452,0,0,0,0,0,2.493e+05,0,1.6752e+05,0,0,0,0,0,0,0,0,60366,0,0,2.0557e+05,1418.9,0,0,9746.5,0,0,2024.4,0,13407,48645,79011,5.1387e+05,26004,0,24194,2.3894e+05,0,0,19129,0,6766.2,4993.7,0,0,1889.2,0,0,0,2.82e+05,0,2.9667e+05,0,0,0,0,11904,0,1.4517e+05,0,34983,0,0,0,0,4.3382e+05,9277.3,1.5179e+05,63351,88299,3.5009e+05,17079,40215,29833,0,0,0,29049,1.739e+05,0,0,0,6.3022e+05,5342.6,69237,0,0,27818,4.9048e+05,4226.9,18560,1.6281e+05,0,0,0,8902.2,7390.8,0,15020,0,0,0,0,1.2007e+05,47153,17949,0,0,0,0,0,0,0,0,9284.1,0,0,0,0,0,0,1.39e+05,0,1659.7,0,0,0,0,9289.5
0,0,0,3554.5,74590,0,0,0,0,0,12492,0,0,11726,0,0,0,0,0,0,0,0,0,0,30952,0,0,0,0,0,0,0,0,0,0,0,0,0,0,0,0,0,757.39,0,0,0,0,0,94947,0,0,0,44149,0,0,0,0,0,922.68,0,0,0,0,0,0,0,0,0,0,0,0,0,0,0,0,0,0,0,0,0,0,0,0,28046,0,16315,64686,0,0,0,0,0,0,0,0,0,0,0,0,0,0,0,0,0,90625,0,0,30081,0,0,0,0,0,0,0,2227.8,0,0,0,22185,0,0,0,0,0,0,0,0,0,0,0,0,0,0,0,0,0,25684,0,0,0,0,0,0,1716.4
2.5677e+05,0,0,0,4.4095e+06,32555,1.4827e+05,17572,0,0,7.3851e+05,22506,66198,6.9318e+05,2.498e+05,1.351e+06,6.3847e+05,0,38418,0,45109,0,2.7231e+06,32197,1.8298e+06,1.9068e+05,3.4768e+05,2.2294e+05,38085,1.0799e+05,72605,28004,1.5205e+05,6.5937e+05,0,0,2.2454e+06,15498,0,0,1.0646e+05,1.1279e+05,44774,22112,86797,1.4644e+05,5.3134e+05,8.6303e+05,5.613e+06,2.8404e+05,46325,2.6426e+05,2.6099e+06,1.4159e+05,65913,2.0894e+05,22387,0,54546,48704,0,20636,2.2349e+05,83609,23499,0,47679,3.2405e+06,29905,0,15666,0,1.3003e+05,0,1.5857e+06,0,3.8211e+05,0,0,25171,0,4.7386e+06,1.0133e+05,1.658e+06,6.9198e+05,9.6448e+05,3.824e+06,1.8655e+05,4.3927e+05,3.2587e+05,0,0,1.2433e+05,3.1729e+05,1.8994e+06,0,0,74490,6.8838e+06,58356,7.5626e+05,43075,0,3.0385e+05,5.3574e+06,46170,2.0273e+05,1.7783e+06,0,0,20416,97238,80729,0,1.6406e+05,1.317e+05,29413,0,0,1.3115e+06,5.1504e+05,1.9606e+05,0,83645,0,4.2073e+05,89234,0,1.5221e+05,74624,1.0141e+05,1.596e+05,0,0,0,0,0,1.5183e+06,43009,0,9.9721e+05,27335,66842,0,1.0147e+05
0,0,0,0,2.6154e+05,1930.9,0,0,0,0,0,0,0,41114,14816,80129,37869,0,0,0,0,0,1.6151e+05,0,0,0,0,0,0,6405.2,4306.4,0,0,39109,0,0,1.3318e+05,0,0,0,6314.4,6689.7,0,0,0,8686,31515,51189,3.3292e+05,16847,0,15674,1.548e+05,0,0,12393,0,0,0,0,0,0,13256,4959.1,0,0,0,1.922e+05,0,0,0,0,0,0,94052,0,0,0,0,0,0,0,0,98339,0,57206,2.2681e+05,11065,26054,0,0,0,0,18819,1.1266e+05,0,0,4418.2,4.083e+05,0,44856,0,0,0,3.1776e+05,0,12025,1.0548e+05,0,0,0,0,0,0,0,0,0,0,0,0,30549,0,3046.7,0,3868.8,0,0,0,0,0,6014.8,0,0,0,0,0,0,90056,0,0,59147,0,0,0,0
3.122e+05,0,4.2806e+05,2.555e+05,5.3615e+06,39584,0,0,0,2.1702e+05,8.9795e+05,0,80490,8.4284e+05,0,1.6426e+06,7.7631e+05,0,0,0,0,0,3.311e+06,0,2.2248e+06,2.3185e+05,4.2275e+05,2.7107e+05,46308,1.3131e+05,0,34050,1.8488e+05,8.0173e+05,88864,1.5632e+05,2.7302e+06,0,0,45365,0,1.3714e+05,0,26886,1.0554e+05,1.7806e+05,6.4606e+05,1.0494e+06,6.8248e+06,3.4536e+05,56327,3.2132e+05,3.1734e+06,0,80144,2.5406e+05,0,89862,66322,59220,0,25091,2.7174e+05,1.0166e+05,0,3.7453e+06,57974,0,0,0,0,0,1.581e+05,0,1.9281e+06,0,4.6461e+05,0,18367,30606,0,5.7617e+06,1.2321e+05,2.0159e+06,8.4137e+05,1.1727e+06,4.6496e+06,2.2683e+05,5.341e+05,3.9622e+05,42574,0,1.5118e+05,3.858e+05,2.3095e+06,0,65240,90572,8.37e+06,0,9.1954e+05,52375,0,3.6945e+05,6.5141e+06,56138,2.465e+05,2.1622e+06,7289.6,0,24824,1.1823e+05,98159,0,1.9949e+05,1.6013e+05,0,0,0,1.5946e+06,6.2624e+05,2.3839e+05,0,1.017e+05,79310,5.1156e+05,1.085e+05,33089,1.8507e+05,90736,1.233e+05,0,0,94810,0,0,23731,1.8461e+06,52294,0,1.2125e+06,33236,81273,82481,1.2338e+05
0,0,0,11885,2.494e+05,0,0,0,0,0,41769,0,3744.1,39205,0,76409,36111,0,0,0,0,0,1.5401e+05,0,1.0349e+05,0,19665,12609,0,0,4106.4,0,8600,37293,0,7271.3,1.27e+05,0,0,0,0,0,0,0,0,8282.7,30052,48812,3.1746e+05,16065,0,14946,1.4762e+05,0,0,11818,1266.2,4180,0,0,0,0,0,0,0,1.7421e+05,0,1.8328e+05,0,0,0,0,7354.2,0,89685,0,21612,0,0,0,0,2.6801e+05,0,93774,39137,0,2.1628e+05,0,24844,18431,0,0,0,0,1.0743e+05,0,0,0,3.8934e+05,0,42773,0,0,0,3.0301e+05,0,11466,1.0058e+05,0,0,0,0,0,3496,9279.2,0,0,0,0,0,29130,0,2905.2,0,0,23796,0,0,0,0,0,0,0,0,0,0,0,85875,0,0,56401,1546,0,0,0
0,0,0,0,0,0,0,0,0,0,0,0,0,0,0,6805.7,0,0,0,0,0,0,13718,0,0,0,0,0,0,0,0,0,0,0,0,0,0,0,0,0,0,0,0,0,0,0,0,0,0,0,0,0,0,0,0,0,0,0,0,0,0,0,0,0,0,0,0,0,0,0,0,0,0,0,0,0,0,0,0,0,0,0,0,0,0,0,0,0,0,0,0,0,0,0,9568.6,0,0,0,0,0,0,0,0,0,0,0,0,8958.4,0,0,0,0,0,0,0,0,0,0,0,0,0,0,0,0,0,0,0,0,0,0,0,0,0,0,0,0,0,0,0,0,0,0,0,0,0
0,0,8890.2,5306.3,1.1135e+05,0,0,0,0,0,18649,0,1671.7,0,0,34115,0,0,0,0,0,0,68765,0,0,0,0,0,0,0,0,0,0,16651,0,0,0,0,0,0,0,0,0,0,0,0,0,21794,1.4174e+05,0,0,6673.4,65908,0,0,0,0,0,0,0,0,0,0,0,0,77784,0,81830,0,0,0,0,0,0,40043,0,0,0,0,0,0,1.1966e+05,0,41868,0,24356,96566,4710.8,0,8228.9,0,0,0,8012.4,47965,0,0,0,1.7383e+05,0,19098,0,0,0,1.3529e+05,0,0,0,0,0,0,2455.5,2038.6,0,0,0,0,0,0,0,0,0,0,0,0,0,0,0,0,0,0,0,0,0,0,0,0,38342,0,0,0,0,0,0,0
0,0,0,0,0,0,0,0,0,0,0,0,0,0,0,0,0,0,0,0,0,0,0,0,0,0,0,0,0,0,0,0,0,0,0,0,19589,0,0,0,0,0,0,0,0,0,0,0,48968,0,0,0,0,0,0,0,0,0,0,0,0,0,0,0,0,26872,0,0,0,0,0,0,0,0,0,0,0,0,0,0,0,41340,0,0,0,8414.2,0,0,0,0,0,0,0,0,0,0,0,0,0,0,0,0,0,0,0,0,1768.6,15514,0,0,0,0,0,0,0,0,0,0,0,0,0,0,0,0,0,0,0,0,0,0,0,0,0,0,0,0,0,0,0,0,8699.7,0,0,0,0
0,0,0,0,1.2109e+05,0,0,0,0,0,20280,0,0,0,0,37099,0,0,0,0,0,0,74779,0,50248,0,0,0,0,2965.5,0,0,0,0,0,0,61661,0,0,0,0,3097.2,0,0,0,0,14591,0,1.5414e+05,0,0,7257,71672,0,0,0,0,0,0,1337.5,0,0,0,0,0,84586,0,88986,0,0,0,0,0,0,0,0,0,0,0,0,0,1.3013e+05,0,45530,19002,0,1.0501e+05,0,0,0,0,0,0,8713.2,52160,0,1473.4,0,1.8904e+05,0,20768,0,0,0,1.4712e+05,0,0,48834,0,0,0,0,0,0,0,0,0,0,0,36015,14144,5384,0,0,0,0,0,0,4179.8,2049.3,2784.8,0,0,0,0,0,0,41695,0,0,0,0,0,0,0
0,0,0,0,31999,0,0,0,0,0,0,0,0,0,0,9803.6,0,0,0,0,0,0,19761,0,13278,0,0,0,0,0,0,0,0,0,0,0,0,0,0,0,0,818.47,0,0,0,0,0,0,40732,0,0,0,18940,0,0,0,0,0,0,0,0,0,0,0,0,0,0,23515,0,0,0,0,0,0,0,0,0,0,0,0,0,0,0,0,0,0,0,0,0,0,0,0,0,2302.5,0,0,0,0,49954,0,5488,0,0,0,38878,0,0,0,0,0,0,0,0,0,0,0,0,0,0,0,0,0,0,0,0,0,0,0,0,0,0,0,0,0,0,0,0,11018,0,0,0,0,0,0,0
93147,0,1.2771e+05,76229,1.5996e+06,0,53787,0,0,64749,2.6791e+05,0,0,2.5146e+05,90618,4.9009e+05,2.3162e+05,0,0,0,0,0,9.8785e+05,11680,6.6379e+05,0,1.2613e+05,80876,13816,39176,26339,10159,55161,2.392e+05,26513,0,8.1457e+05,0,0,13535,0,40916,0,0,31487,0,0,3.1308e+05,2.0362e+06,1.0304e+05,16805,95867,9.4681e+05,51365,23911,75799,8121.4,26811,19788,0,0,0,81075,0,0,1.1174e+06,17297,1.1755e+06,0,0,0,0,0,0,0,0,1.3862e+05,0,5479.8,0,10918,1.719e+06,36761,6.0147e+05,2.5103e+05,3.4988e+05,1.3872e+06,0,0,1.1821e+05,0,0,45104,1.151e+05,6.8906e+05,0,0,27023,2.4972e+06,21170,2.7435e+05,15626,0,1.1023e+05,1.9435e+06,0,0,6.4511e+05,0,0,0,35275,0,22423,59517,47776,0,0,0,4.7576e+05,1.8684e+05,71124,0,0,0,1.5263e+05,32371,0,55216,0,36788,57899,0,0,1935.4,0,7080.1,5.508e+05,15602,0,3.6176e+05,9916.1,0,24608,36809
0,0,0,0,0,0,0,0,0,0,0,0,0,0,0,0,0,0,0,0,0,0,0,0,0,0,0,0,0,0,0,0,0,0,0,0,0,0,0,0,0,0,0,0,0,0,0,0,0,0,0,0,7351.7,0,0,0,0,0,0,0,0,0,0,0,0,0,0,0,0,0,0,0,0,0,0,0,0,0,0,0,0,0,0,0,0,0,0,0,0,0,0,0,0,0,0,0,0,0,0,0,0,0,0,0,0,0,0,0,0,0,0,0,0,0,0,0,0,0,0,0,0,0,0,0,0,0,0,0,0,0,0,0,0,0,0,0,0,0,0,0,0,0,0,0,0
0,0,0,0,2.5426e+05,0,8549.6,0,0,0,42584,0,0,0,14404,77900,36816,0,0,0,0,0,1.5702e+05,0,1.0551e+05,0,0,12855,0,6227,4186.6,0,0,38021,0,7413.2,1.2948e+05,0,0,0,0,0,0,0,0,0,0,0,3.2366e+05,16378,0,0,0,0,0,0,0,0,0,0,0,0,12887,0,0,1.7761e+05,0,1.8685e+05,0,0,0,0,7497.7,0,91436,0,0,0,0,0,0,2.7324e+05,0,95604,39901,0,2.205e+05,0,0,0,0,0,0,0,1.0953e+05,0,0,0,3.9694e+05,3365,43608,0,0,0,3.0892e+05,0,0,1.0254e+05,0,0,0,5607,0,3564.2,0,0,0,0,0,75623,0,11305,0,0,0,0,0,0,0,0,0,0,0,0,0,0,0,0,0,0,57501,0,0,0,5850.9
0,0,0,0,0,0,0,0,0,0,0,0,0,0,0,0,0,0,0,0,0,0,44773,0,0,0,0,0,0,0,0,0,2500.1,0,0,0,36919,0,0,0,0,0,0,0,0,0,0,0,0,0,0,0,0,2328,0,0,0,0,0,0,0,0,0,0,0,0,0,53279,0,0,0,0,0,0,26072,0,0,0,0,0,0,0,0,0,0,0,62874,0,0,0,0,0,2044.3,0,31230,0,0,0,0,0,0,0,0,0,0,0,0,29239,0,0,0,0,0,0,0,0,0,0,0,0,0,0,0,0,0,6917.6,0,0,0,0,0,0,0,0,0,0,0,24964,0,0,0,0,0,0,0
0,0,12090,7215.9,1.5142e+05,0,5091.6,0,0,0,0,0,0,23804,0,46393,21925,0,0,0,0,0,93512,0,62835,0,0,0,0,0,0,0,0,0,0,0,77108,0,0,0,0,0,0,0,0,0,18246,0,1.9275e+05,0,0,9074.9,89626,0,0,0,0,0,0,0,0,0,0,0,0,0,0,0,0,0,0,0,4465.2,0,54454,0,13122,0,0,0,1033.5,1.6272e+05,0,56936,0,33120,1.3132e+05,0,0,0,0,0,0,10896,65227,0,0,2558,2.3639e+05,0,0,0,0,10434,1.8398e+05,0,0,61068,0,0,0,0,0,0,0,0,0,0,0,45037,0,0,0,0,2239.9,14448,0,0,0,0,3482.4,0,0,0,0,0,0,52140,0,0,34244,0,2295.4,0,0
0,0,0,0,31959,0,0,0,0,0,0,0,0,0,0,0,0,0,0,0,0,0,19736,0,13262,0,0,0,0,0,0,0,0,0,0,931.79,0,0,0,0,0,0,0,0,0,0,0,0,0,0,0,0,18916,0,0,0,0,0,0,0,0,0,0,0,0,22325,0,0,0,0,0,0,0,0,0,0,0,0,0,0,0,34344,0,12017,0,0,27715,0,3183.7,0,0,0,0,0,0,0,0,0,49892,0,0,0,0,0,38829,0,0,12889,0,0,0,0,0,0,0,0,0,0,0,0,3732.9,0,0,0,0,3049.3,0,0,0,0,0,0,0,0,0,0,0,11004,0,0,0,0,0,0,0
0,0,6940.9,0,86936,0,0,0,0,0,14560,0,0,13666,0,26635,0,0,0,0,0,0,53687,0,0,0,0,0,0,0,0,0,0,0,0,0,44270,0,0,0,0,0,0,0,0,0,10476,17015,0,0,0,0,0,2791.5,0,4119.5,0,0,0,0,0,0,4406.2,0,0,60729,0,63887,0,0,0,0,0,0,0,0,0,0,0,0,0,93424,0,32688,13643,19015,75392,0,0,0,0,0,0,0,37448,0,0,0,1.3572e+05,1150.5,0,0,0,0,1.0562e+05,0,3997,35060,0,0,0,0,1591.6,0,0,0,0,0,0,0,10154,0,0,0,0,8294.9,0,0,3000.9,0,0,0,0,0,0,0,0,0,0,0,19661,0,0,0,0
3.5121e+05,0,4.8154e+05,2.8742e+05,6.0313e+06,44529,2.028e+05,0,38514,2.4413e+05,1.0101e+06,30784,0,9.4814e+05,3.4167e+05,1.8479e+06,8.733e+05,0,0,0,0,0,3.7247e+06,44039,2.5028e+06,2.6081e+05,4.7556e+05,3.0494e+05,0,1.4771e+05,99309,0,2.0798e+05,9.0189e+05,99966,0,3.0713e+06,0,46590,0,1.4562e+05,1.5427e+05,61242,30245,1.1872e+05,2.0031e+05,7.2677e+05,1.1805e+06,7.6774e+06,3.8851e+05,63364,3.6146e+05,3.5699e+06,0,90156,0,30622,1.0109e+05,0,0,0,28226,3.0569e+05,1.1436e+05,32142,4.2132e+06,65216,4.4323e+06,40904,0,0,0,1.7785e+05,17737,2.1689e+06,0,5.2266e+05,0,0,34430,0,0,1.3861e+05,2.2678e+06,9.4649e+05,1.3192e+06,5.2305e+06,2.5516e+05,6.0083e+05,0,0,0,1.7006e+05,4.3399e+05,2.5981e+06,0,73391,0,9.4157e+06,79820,1.0344e+06,58919,0,4.1561e+05,7.3279e+06,63151,2.773e+05,2.4324e+06,0,0,27926,0,1.1042e+05,84546,2.2441e+05,1.8014e+05,0,0,0,1.7939e+06,7.0448e+05,2.6817e+05,70260,1.1441e+05,89218,5.7547e+05,1.2205e+05,37223,2.0819e+05,1.0207e+05,1.3871e+05,2.1831e+05,0,1.0665e+05,0,0,0,2.0768e+06,0,0,1.364e+06,37388,91426,92785,1.3879e+05
13087,0,17944,0,2.2475e+05,0,0,0,1435.2,0,37641,0,0,35331,12732,68858,32542,0,0,0,0,0,0,0,93263,9718.8,0,0,0,0,0,0,0,33608,0,6552.8,1.1445e+05,0,0,0,5426.2,0,0,0,0,0,27082,43988,2.8609e+05,0,0,13469,1.3303e+05,0,0,0,0,0,0,0,0,0,0,4261.5,0,1.57e+05,0,1.6516e+05,1524.2,0,0,0,0,0,0,0,0,0,0,0,0,2.4152e+05,0,84507,35270,49159,0,9508.3,22389,0,0,0,0,0,96813,0,0,0,3.5086e+05,0,38546,0,0,0,2.7307e+05,0,0,90639,0,0,0,0,0,0,0,0,0,0,0,66845,26252,9993,0,0,0,0,0,0,0,3803.5,0,8134.9,0,0,0,0,0,77388,0,0,50827,0,3406.9,0,0
1.7509e+05,0,2.4007e+05,1.4329e+05,3.0069e+06,0,0,0,19201,1.2171e+05,5.036e+05,0,45142,4.7269e+05,1.7034e+05,0,4.3538e+05,0,26198,0,0,0,1.8569e+06,21956,1.2478e+06,1.3003e+05,2.3709e+05,1.5203e+05,0,73641,49510,19097,1.0369e+05,4.4964e+05,49838,87669,1.5312e+06,0,0,0,72596,76912,30532,15079,59189,99863,3.6233e+05,5.8852e+05,3.8276e+06,1.9369e+05,31590,1.8021e+05,1.7798e+06,96553,44947,0,0,0,37196,0,0,0,1.524e+05,57015,0,2.1005e+06,0,2.2097e+06,0,0,10683,0,88668,0,1.0813e+06,0,2.6057e+05,0,0,17165,20523,3.2313e+06,0,0,4.7187e+05,6.577e+05,2.6077e+06,1.2721e+05,2.9954e+05,2.2221e+05,0,0,84785,2.1637e+05,1.2953e+06,0,36589,0,4.6942e+06,39794,5.1571e+05,0,0,2.072e+05,3.6533e+06,31484,1.3825e+05,1.2127e+06,0,0,13922,66308,55051,42151,0,89808,20058,0,0,8.9432e+05,3.5122e+05,1.337e+05,35028,57039,44480,2.869e+05,60850,0,0,0,0,1.0884e+05,0,53173,0,0,0,1.0354e+06,29328,0,6.8001e+05,18640,0,0,69193
0,0,1.2033e+05,71822,1.5072e+06,0,50678,0,0,0,2.5242e+05,0,22626,2.3693e+05,85380,4.6176e+05,2.1823e+05,0,13131,0,0,0,9.3075e+05,0,6.2542e+05,65174,1.1884e+05,76201,0,36911,24816,0,51972,2.2537e+05,24981,43943,7.6748e+05,0,0,12753,0,0,15304,0,0,50054,1.8161e+05,2.9498e+05,1.9185e+06,0,15834,90326,8.9208e+05,0,22529,0,0,25261,0,0,0,0,76388,0,0,1.0528e+06,16297,1.1076e+06,0,0,0,2030.7,44444,4432.2,5.4199e+05,0,1.3061e+05,10317,0,0,0,1.6196e+06,0,5.667e+05,0,3.2966e+05,1.307e+06,63763,0,1.1138e+05,0,0,42497,0,6.4923e+05,0,18340,0,2.3529e+06,19946,2.5849e+05,14723,0,0,1.8312e+06,15781,0,6.0782e+05,0,9582.9,0,33236,27593,21127,56077,0,10054,0,0,4.4826e+05,1.7604e+05,67013,17557,28590,0,1.438e+05,30500,0,52025,0,0,0,0,0,0,0,0,5.1896e+05,14700,0,3.4085e+05,0,0,23186,34682
1.6404e+05,0,2.2492e+05,0,2.8171e+06,20799,94726,0,0,1.1403e+05,4.7182e+05,0,42292,4.4286e+05,1.5959e+05,8.631e+05,4.079e+05,0,24544,0,0,0,1.7397e+06,0,1.169e+06,1.2182e+05,2.2213e+05,0,24332,68993,0,0,97144,4.2126e+05,0,82136,1.4345e+06,0,0,23836,68014,72057,0,0,55453,93560,3.3946e+05,5.5137e+05,3.586e+06,1.8146e+05,0,1.6883e+05,1.6674e+06,90459,42110,1.3349e+05,14303,47217,34848,0,0,0,1.4278e+05,53416,0,1.9679e+06,30461,2.0703e+06,0,0,0,0,83072,0,1.0131e+06,0,2.4412e+05,19285,0,0,0,3.0274e+06,64741,1.0593e+06,4.4209e+05,0,2.4431e+06,1.1918e+05,2.8064e+05,2.0819e+05,22370,0,79433,2.0271e+05,1.2135e+06,0,0,47590,4.3979e+06,0,4.8316e+05,0,0,1.9412e+05,3.4227e+06,0,1.2952e+05,1.1361e+06,0,0,13044,0,51576,39490,1.0482e+05,84139,0,0,0,8.3788e+05,3.2905e+05,0,32817,53439,41672,2.6879e+05,57009,0,97242,47676,64788,1.0197e+05,8937.9,49817,0,0,0,9.7002e+05,27477,0,6.3709e+05,0,42704,0,64826
2.4182e+05,0,3.3156e+05,1.979e+05,4.1528e+06,30660,1.3964e+05,16549,26519,0,6.9552e+05,0,62345,6.5284e+05,2.3526e+05,1.2723e+06,6.0131e+05,0,36182,0,0,0,2.5646e+06,0,1.7233e+06,1.7958e+05,3.2745e+05,2.0996e+05,35869,1.0171e+05,0,26374,0,6.2099e+05,68831,0,2.1147e+06,0,32079,35138,1.0026e+05,1.0622e+05,42168,20825,81746,1.3792e+05,5.0042e+05,8.128e+05,5.2863e+06,2.675e+05,0,2.4888e+05,2.458e+06,1.3335e+05,0,1.9678e+05,0,69604,51371,45870,0,19435,2.1048e+05,0,22131,2.901e+06,44904,3.0519e+06,28164,0,14754,0,1.2246e+05,0,1.4934e+06,0,3.5987e+05,28428,0,23706,28345,4.4628e+06,95437,1.5615e+06,6.517e+05,9.0834e+05,0,1.7569e+05,4.137e+05,3.069e+05,32976,0,1.171e+05,2.9883e+05,1.7889e+06,0,50533,70154,6.4832e+06,54960,7.1225e+05,0,0,2.8616e+05,5.0456e+06,0,1.9093e+05,1.6748e+06,0,0,19228,91578,76031,58214,1.5451e+05,1.2403e+05,0,0,0,1.2351e+06,4.8507e+05,1.8465e+05,48377,78777,61431,3.9624e+05,84040,0,1.4335e+05,70281,0,1.5031e+05,13176,73437,0,0,0,1.43e+06,40506,0,9.3917e+05,25744,62951,0,0
0,0,0,0,2.8681e+05,0,9643.9,0,0,0,0,0,0,45087,0,87871,41528,0,0,0,0,0,0,0,1.1901e+05,0,22614,14501,0,0,0,0,0,42887,4753.7,0,1.4605e+05,0,0,0,0,0,2912.2,0,0,9525.1,0,56134,3.6508e+05,0,0,17189,1.6976e+05,0,4287.2,0,0,0,0,0,0,0,0,5438.2,0,2.0035e+05,0,2.1077e+05,0,0,0,0,0,0,1.0314e+05,0,0,0,0,0,0,3.0821e+05,0,1.0784e+05,45008,62733,2.4872e+05,0,0,0,0,0,8087,0,0,0,3489.9,0,4.4774e+05,0,49190,0,0,0,3.4846e+05,0,13186,1.1567e+05,0,0,0,6324.6,0,0,0,0,0,0,0,85303,33500,0,0,0,4242.6,27365,0,0,0,0,0,0,0,0,0,0,1269.4,98756,0,0,64861,0,0,0,0
0,0,1.1282e+05,67337,1.413e+06,10432,47513,0,0,57196,2.3666e+05,0,21213,2.2213e+05,80048,4.3292e+05,2.046e+05,0,0,0,0,0,8.7262e+05,10318,5.8636e+05,61104,1.1142e+05,0,12205,34606,0,0,0,2.113e+05,23420,41198,7.1955e+05,0,10915,11956,34115,0,0,7085.9,0,46928,1.7027e+05,2.7656e+05,1.7987e+06,91020,14845,84684,8.3636e+05,45373,21122,66957,0,0,17479,0,0,0,0,26793,0,9.8707e+05,0,1.0384e+06,0,0,0,0,41668,0,5.0814e+05,0,1.2245e+05,9672.9,0,0,0,1.5185e+06,0,5.3131e+05,2.2175e+05,3.0907e+05,1.2254e+06,59780,0,1.0442e+05,0,0,39843,1.0168e+05,6.0868e+05,0,17194,0,2.2059e+06,0,2.4235e+05,13804,0,0,1.7168e+06,0,64966,5.6986e+05,0,0,6542.4,0,0,0,52575,42203,0,0,0,4.2027e+05,1.6505e+05,0,0,26804,0,1.3482e+05,28595,8720.6,0,23913,32497,51145,0,24987,0,0,0,4.8655e+05,13782,0,3.1956e+05,0,21420,21738,32516
0,0,43674,26068,5.4702e+05,0,18394,0,3493.1,0,91616,0,0,85993,30989,1.676e+05,79205,0,0,0,0,0,3.3782e+05,0,2.2699e+05,0,43132,27657,0,0,0,0,18863,81799,0,0,2.7856e+05,1922.6,0,0,13207,13992,0,0,0,18167,65916,1.0706e+05,6.9632e+05,0,5746.9,32784,3.2378e+05,0,0,25921,0,0,6766.7,0,0,0,0,10372,0,0,0,4.02e+05,3709.9,0,0,0,16131,0,1.9672e+05,0,47403,0,0,0,0,5.8785e+05,12571,0,85843,1.1965e+05,4.7439e+05,23143,54493,0,0,0,0,39362,2.3564e+05,0,0,0,8.5398e+05,0,93819,0,0,0,6.6462e+05,0,25150,2.2061e+05,0,0,0,0,0,0,20353,0,0,0,0,1.627e+05,63894,0,6372.4,0,8091.8,0,0,0,0,0,12580,19800,0,9673.2,0,0,0,1.8836e+05,0,0,1.2371e+05,0,8292.1,0,0
7925.5,0,10867,0,1.361e+05,0,4576.5,0,0,5509.2,22795,0,0,21396,0,41700,19707,0,0,0,0,0,84052,0,56479,0,10732,0,0,0,0,0,4693.4,0,0,0,69308,0,0,0,0,0,0,0,0,0,16401,26639,1.7325e+05,8767.2,0,0,0,0,0,0,0,0,0,0,0,0,0,0,0,95076,1471.7,1.0002e+05,0,0,0,0,0,0,48945,0,11794,0,0,776.95,0,0,0,0,0,0,1.1803e+05,0,0,0,0,0,0,0,58629,0,0,0,2.1248e+05,0,0,0,0,0,1.6536e+05,0,6257.6,54890,0,0,0,0,0,0,5064.1,4065.1,0,0,0,40481,15898,0,0,0,0,0,0,0,0,0,0,0,0,0,0,0,0,46865,0,0,30780,0,0,0,0
0,0,0,0,0,0,0,0,0,0,0,0,0,0,0,32924,0,0,0,0,0,0,0,0,0,0,0,5433.2,0,0,0,0,0,16069,0,0,54723,0,0,0,0,2748.7,0,0,0,0,12949,0,1.3679e+05,0,0,0,63607,0,0,5092.2,0,0,0,0,0,0,0,0,0,75068,0,78973,0,0,0,0,0,0,38645,0,9312.4,0,0,0,0,1.1548e+05,0,0,16864,23505,93194,0,0,0,0,0,0,7732.7,46291,0,0,1815.4,1.6776e+05,0,0,1049.8,0,7405,1.3057e+05,0,0,43339,0,0,0,0,0,0,0,0,0,0,0,31962,0,4778.1,0,0,0,0,0,0,0,0,0,0,0,1900.3,0,0,0,37003,0,0,0,0,0,0,0
0,0,0,0,52566,0,0,0,0,0,8803.8,0,0,0,0,16105,7611.2,0,0,0,0,0,0,0,0,0,0,0,0,0,0,0,0,7860.4,0,0,0,184.75,0,0,0,0,0,0,0,0,0,0,66913,0,0,3150.3,0,0,0,0,0,0,0,0,0,0,0,0,0,36720,0,38630,0,0,0,0,0,0,0,0,4555.2,0,0,0,0,0,0,19765,8249.1,0,45586,0,0,0,0,0,0,0,22643,0,0,0,82063,0,9015.5,0,0,0,0,0,0,21199,0,0,0,0,0,0,0,0,0,0,0,0,6139.9,2337.2,0,0,0,0,0,0,0,0,0,0,0,929.55,0,0,0,18100,0,0,0,0,0,0,0
0,0,35587,0,4.4573e+05,0,14988,0,0,18042,74651,0,6691.5,70069,0,1.3656e+05,64539,0,0,0,0,0,0,0,1.8496e+05,19275,35145,22536,0,10916,0,2830.8,15370,66652,0,0,2.2698e+05,0,0,3771.4,10761,11401,0,0,0,14803,53710,87238,5.6738e+05,0,0,26713,2.6382e+05,14313,0,21121,0,0,5513.7,0,0,2085.9,22591,8451.6,0,3.1136e+05,4819.6,3.2756e+05,0,0,0,0,13144,0,1.6029e+05,0,38625,0,0,0,0,4.79e+05,0,1.676e+05,69948,97493,3.8655e+05,0,0,0,0,0,0,0,1.92e+05,0,0,7529.7,6.9584e+05,5898.9,76446,0,0,30714,5.4155e+05,4667,0,1.7976e+05,0,0,0,0,8160.4,6248.2,0,0,0,0,0,1.3257e+05,52063,0,0,0,0,42529,0,0,15386,0,0,0,0,0,0,0,0,1.5348e+05,0,0,1.008e+05,0,6756.6,0,0
1.4417e+05,0,1.9768e+05,1.1799e+05,2.4759e+06,18280,83253,0,0,1.0022e+05,4.1467e+05,12637,37170,3.8922e+05,1.4026e+05,7.5857e+05,3.585e+05,0,0,18130,0,0,1.529e+06,18078,1.0274e+06,1.0707e+05,1.9522e+05,0,21385,60637,40767,0,85378,3.7023e+05,41037,72188,1.2608e+06,0,0,20949,59776,63330,25140,0,0,0,0,4.8459e+05,3.1517e+06,1.5949e+05,26011,1.4838e+05,1.4655e+06,79503,37010,1.1732e+05,12570,41498,0,27347,0,0,1.2549e+05,46946,13195,1.7295e+06,26772,1.8195e+06,16792,0,8796.4,0,73010,0,8.9037e+05,0,2.1456e+05,16949,8481.7,0,16899,2.6607e+06,56899,9.3095e+05,3.8854e+05,5.4155e+05,2.1472e+06,1.0475e+05,2.4665e+05,1.8297e+05,0,0,69812,1.7816e+05,0,0,0,41826,3.8652e+06,32767,4.2464e+05,24187,0,1.7061e+05,3.0082e+06,0,1.1383e+05,9.9851e+05,0,0,0,54599,0,34707,92121,73948,0,0,0,7.3639e+05,2.892e+05,1.1009e+05,0,0,36625,2.3624e+05,50104,0,0,0,56941,89617,0,43783,0,0,0,8.5254e+05,0,0,5.5993e+05,0,0,38089,56974
0,0,0,0,79384,0,0,0,0,0,0,0,0,12479,0,24321,0,0,0,0,0,0,0,0,0,0,0,0,0,0,0,0,2737.4,0,0,0,0,0,0,0,0,0,0,0,0,0,0,15537,0,0,0,0,0,0,0,0,0,0,0,0,0,0,0,0,0,55454,0,58338,0,0,0,0,0,0,0,0,0,0,0,0,0,0,0,0,0,0,0,0,0,0,0,0,0,0,0,0,0,0,1.2393e+05,0,0,0,0,0,96450,831.19,0,32015,0,0,0,1750.6,0,0,2953.6,0,0,0,0,0,0,3529.6,0,0,1174.3,0,0,0,0,0,0,0,0,0,0,0,0,27334,0,0,0,0,0,0,0
12967,0,0,0,2.2269e+05,0,0,0,0,9013.8,0,0,0,35007,0,0,32244,0,0,0,0,0,1.3752e+05,0,92407,0,0,0,0,0,0,0,7679,33299,0,0,1.134e+05,0,0,0,5376.4,5695.9,0,0,4383.4,7395.6,26834,43584,2.8346e+05,0,0,0,1.3181e+05,0,3328.7,0,0,0,0,0,0,0,0,0,0,0,0,1.6365e+05,0,0,0,0,0,0,80081,0,0,0,0,0,0,2.3931e+05,0,83731,0,48708,1.9312e+05,0,22184,16457,0,0,0,0,95924,0,0,0,3.4764e+05,0,0,0,0,0,2.7056e+05,2331.6,10238,0,0,0,0,4910.7,0,0,8285.5,0,0,0,0,66232,0,0,0,4224.2,0,21247,4506.4,0,0,0,0,8060.3,0,0,0,0,0,76678,0,0,50361,0,0,0,0
4925.7,0,6753.5,0,84589,0,0,0,0,0,14167,0,0,13298,4791.9,25916,0,0,736.98,0,0,0,0,0,0,0,0,0,0,0,0,0,0,0,0,0,43075,0,0,0,0,0,0,0,0,0,0,16556,1.0768e+05,0,0,0,50068,0,0,0,0,0,0,0,0,0,0,0,0,0,0,62163,0,0,0,0,2494.4,0,0,0,7330.2,0,0,0,0,90902,0,0,13274,0,73357,0,0,0,0,0,0,0,0,0,0,0,1.3205e+05,0,14508,0,0,0,1.0277e+05,0,0,34114,0,0,0,0,0,0,0,0,0,0,0,25159,0,0,0,1604.6,0,8071,0,0,2919.9,0,0,0,0,0,0,0,0,29127,0,0,0,0,0,0,0
4.3299e+05,0,5.9367e+05,3.5434e+05,7.4357e+06,54898,2.5003e+05,0,0,3.0098e+05,1.2453e+06,0,1.1163e+05,1.1689e+06,4.2123e+05,2.2781e+06,1.0766e+06,0,0,0,0,0,4.592e+06,54294,3.0856e+06,3.2154e+05,5.863e+05,3.7594e+05,64223,1.8211e+05,1.2243e+05,47224,2.5641e+05,1.1119e+06,1.2324e+05,2.168e+05,3.7864e+06,0,57439,62916,1.7952e+05,1.9019e+05,75503,37288,1.4637e+05,2.4695e+05,8.96e+05,1.4553e+06,9.4652e+06,4.7897e+05,0,4.4563e+05,4.4012e+06,0,1.1115e+05,3.5234e+05,0,1.2463e+05,91981,82130,0,0,3.7687e+05,1.4099e+05,39626,5.1942e+06,80402,5.4644e+06,50429,0,26418,0,0,21867,2.674e+06,0,6.4436e+05,0,0,42447,50752,7.9907e+06,0,2.7959e+06,1.1669e+06,1.6264e+06,6.4484e+06,3.1458e+05,7.4074e+05,5.4951e+05,59044,0,2.0966e+05,5.3505e+05,3.203e+06,0,90480,1.2561e+05,0,98406,1.2753e+06,72638,0,5.1238e+05,9.0343e+06,77856,3.4187e+05,2.9988e+06,10110,0,34428,1.6397e+05,1.3613e+05,0,2.7666e+05,2.2208e+05,0,0,47821,2.2116e+06,8.6852e+05,3.3061e+05,0,0,0,7.0947e+05,1.5047e+05,0,0,1.2584e+05,1.7101e+05,2.6914e+05,0,1.3149e+05,0,0,32911,2.5604e+06,0,0,1.6816e+06,46094,1.1272e+05,1.1439e+05,1.7111e+05
0,0,0,0,1.8552e+05,0,0,0,0,0,31071,0,0,0,0,56839,26862,0,1616.3,0,0,0,1.1457e+05,1354.6,76984,8022.4,0,0,0,0,0,0,0,0,3074.9,0,94470,0,0,0,0,0,0,0,0,0,22355,36310,2.3615e+05,11950,0,0,1.0981e+05,0,0,0,0,3109.4,0,0,0,0,9402.7,0,0,1.2959e+05,0,1.3633e+05,0,0,0,0,0,0,66715,0,0,0,0,0,0,1.9936e+05,0,69756,0,40578,1.6089e+05,7848.6,0,13710,0,0,5231,13349,79914,0,0,3134,2.8962e+05,0,0,0,0,0,2.254e+05,0,8529.4,74818,0,0,0,0,0,0,0,0,0,0,0,55177,21669,0,0,0,0,17701,0,0,0,0,0,6714.9,0,0,0,0,0,0,1809.5,762.7,41955,0,2812.2,0,0
0,0,1.0204e+05,60906,1.2781e+06,0,42975,0,0,51733,2.1405e+05,0,19187,2.0092e+05,72403,3.9157e+05,1.8506e+05,0,0,0,13075,0,7.8928e+05,9332.2,5.3036e+05,55268,1.0078e+05,64619,11039,31301,21044,0,0,1.9112e+05,21184,37264,6.5083e+05,0,0,10814,30857,0,0,0,0,42446,1.5401e+05,2.5015e+05,1.6269e+06,82327,0,76597,7.5649e+05,41040,19105,60562,0,21421,0,0,0,5981.2,64778,24234,0,8.928e+05,13820,9.3924e+05,0,0,4540.8,0,37688,0,4.5961e+05,0,1.1075e+05,0,0,0,0,1.3735e+06,29372,4.8056e+05,2.0057e+05,2.7955e+05,1.1084e+06,0,1.2732e+05,94452,0,0,36038,0,5.5055e+05,0,0,21591,1.9953e+06,0,0,12485,0,88070,1.5528e+06,0,0,5.1544e+05,0,0,5917.6,28184,23399,0,0,38173,0,0,0,3.8013e+05,1.4928e+05,0,14889,24244,18906,1.2195e+05,25864,7887.8,0,21630,29393,46261,0,22601,0,0,0,4.4008e+05,0,0,2.8904e+05,0,0,0,0
0,0,0,0,0,0,0,0,0,0,0,0,0,0,0,0,0,0,0,0,0,0,0,0,20997,2188.1,0,0,0,0,0,0,0,0,0,0,0,0,0,0,0,0,0,0,0,0,0,0,64410,0,0,0,0,0,0,0,0,0,0,0,0,0,0,0,0,0,0,37185,0,0,0,0,0,0,18196,0,0,0,0,0,0,0,0,0,0,0,43882,0,0,0,0,0,0,0,0,0,0,0,0,0,0,0,0,0,61478,0,0,0,0,0,0,0,0,0,0,0,0,0,0,0,0,0,0,0,0,0,0,0,0,0,0,0,0,0,0,0,0,17423,0,0,11443,0,0,0,0
0,0,0,0,0,0,0,0,0,0,0,0,0,0,0,0,0,0,0,0,0,0,0,0,0,0,0,0,0,0,0,0,0,0,0,0,0,0,0,0,0,0,0,0,0,0,0,0,0,0,0,0,0,0,0,0,0,0,0,0,0,0,0,0,0,0,0,0,0,0,0,0,0,0,21573,0,0,0,0,0,0,0,0,22556,0,0,0,2537.9,0,0,0,0,0,0,25841,0,0,0,0,0,0,0,0,0,0,0,0,0,0,0,0,0,0,0,0,0,0,0,0,0,7006.9,0,0,0,0,0,0,0,0,0,0,0,0,0,0,0,0,0,0,0,0,0,0,0,0
57174,0,0,0,9.8186e+05,0,33015,0,0,0,1.6444e+05,0,0,1.5435e+05,55622,3.0082e+05,1.4217e+05,0,0,0,0,0,6.0635e+05,7169.3,4.0744e+05,42459,77418,0,8480.4,24046,0,0,33858,1.4682e+05,16274,0,4.9999e+05,3450.9,0,0,23705,25114,0,0,19327,0,1.1831e+05,1.9217e+05,1.2498e+06,63246,0,58844,5.8116e+05,0,14677,46526,0,0,0,0,0,0,49764,18617,0,6.8588e+05,0,7.2155e+05,0,0,0,0,0,0,3.5309e+05,0,85085,0,3363.5,0,6701.6,1.0551e+06,22564,3.6918e+05,0,2.1476e+05,8.5149e+05,41539,97811,72560,7796.6,0,0,70651,4.2295e+05,0,11948,16587,1.5328e+06,12994,1.684e+05,0,0,0,1.1929e+06,10281,45142,3.9597e+05,0,0,0,0,17976,13764,36532,0,0,0,0,2.9203e+05,1.1468e+05,43656,11438,18625,0,93683,19870,0,33892,16617,22581,0,0,17363,0,0,0,3.3809e+05,9576.7,0,2.2205e+05,0,0,15105,0
3.1527e+05,0,4.3227e+05,2.5801e+05,5.4142e+06,0,1.8205e+05,21575,34573,2.1915e+05,9.0677e+05,27634,0,8.5112e+05,3.0671e+05,1.6588e+06,7.8394e+05,0,0,0,55387,0,3.3435e+06,39533,2.2467e+06,2.3413e+05,4.269e+05,2.7374e+05,0,1.326e+05,89147,0,1.867e+05,8.0961e+05,89737,0,2.757e+06,0,0,45811,1.3072e+05,1.3849e+05,54976,27150,1.0657e+05,1.7981e+05,6.5241e+05,1.0597e+06,6.8919e+06,3.4875e+05,0,3.2448e+05,3.2046e+06,1.7385e+05,80931,2.5655e+05,27488,90745,66974,59801,0,0,2.7441e+05,1.0266e+05,0,3.7821e+06,58543,3.9788e+06,36719,0,19235,0,1.5965e+05,15922,1.947e+06,0,4.6918e+05,0,0,0,36954,5.8183e+06,0,2.0358e+06,8.4964e+05,1.1842e+06,4.6953e+06,2.2905e+05,5.3935e+05,4.0011e+05,0,0,1.5266e+05,3.8959e+05,2.3322e+06,0,65881,0,8.4523e+06,0,9.2858e+05,0,0,3.7308e+05,0,56689,2.4892e+05,2.1835e+06,0,0,0,1.1939e+05,99123,75895,2.0144e+05,1.6171e+05,0,0,0,1.6103e+06,6.324e+05,2.4073e+05,63071,1.027e+05,80089,5.1659e+05,1.0957e+05,0,1.8689e+05,0,1.2451e+05,1.9597e+05,0,95741,0,0,0,1.8643e+06,52808,0,1.2244e+06,0,82071,0,0
0,0,0,0,0,0,0,0,0,0,0,0,0,0,0,12017,0,0,0,0,0,0,24223,0,0,0,0,0,0,0,0,0,0,5865.3,0,0,0,0,0,0,0,0,0,0,0,0,0,0,49929,0,0,0,0,0,0,0,0,0,0,0,0,0,0,0,0,27400,0,28825,0,0,0,0,0,0,0,0,0,0,0,0,0,42151,0,0,0,0,34016,0,0,0,0,0,0,0,0,0,0,0,61233,0,0,0,0,0,47656,0,0,15818,0,0,0,0,0,0,0,0,0,0,0,0,4581.5,0,0,0,0,0,0,0,0,0,0,1419.7,0,0,0,0,0,0,0,0,0,0,0,0,0
0,0,8964.2,0,1.1228e+05,0,0,0,0,0,18804,0,0,17650,6360.5,34399,0,0,0,0,0,0,69337,0,46591,0,0,5676.6,0,2749.7,0,0,0,0,0,0,57174,0,0,0,0,2871.9,0,0,0,0,13529,21975,1.4292e+05,7232.3,0,0,0,3605.3,0,5320.3,0,0,0,0,0,0,0,0,0,78431,0,82510,0,0,0,0,0,330.18,40376,0,0,0,0,0,0,1.2066e+05,0,42217,0,0,97369,0,11185,0,0,0,0,0,0,0,0,0,1.7528e+05,0,0,0,0,0,1.3641e+05,0,0,0,0,0,0,0,0,1573.9,0,0,0,0,0,33394,13114,0,0,0,0,0,0,0,0,0,0,0,0,0,0,0,0,0,0,0,25392,0,0,0,0
2.1126e+05,0,2.8966e+05,1.7289e+05,3.628e+06,26785,1.2199e+05,0,23167,0,6.0762e+05,0,54466,5.7033e+05,2.0552e+05,1.1115e+06,5.2531e+05,0,31609,0,37114,0,2.2405e+06,26491,1.5055e+06,1.5689e+05,2.8606e+05,1.8343e+05,31335,88852,0,23041,1.2511e+05,5.4251e+05,0,1.0578e+05,1.8475e+06,12751,0,30697,87591,92798,0,18193,71414,1.2049e+05,4.3717e+05,7.1007e+05,4.6182e+06,2.337e+05,0,2.1743e+05,2.1474e+06,1.165e+05,54231,1.7191e+05,18420,0,0,40072,0,16978,1.8388e+05,68791,19334,2.5343e+06,39229,2.6661e+06,24605,0,0,0,1.0698e+05,0,1.3047e+06,0,3.1439e+05,0,0,20710,24763,3.8988e+06,83375,1.3641e+06,5.6934e+05,7.9354e+05,3.1463e+06,1.5349e+05,3.6141e+05,2.6811e+05,28809,0,1.023e+05,2.6106e+05,1.5628e+06,0,44147,61288,5.6638e+06,48014,6.2223e+05,35441,0,2.5e+05,4.4079e+06,0,1.668e+05,0,0,0,0,80004,66421,50857,1.3499e+05,1.0836e+05,24200,0,0,1.079e+06,4.2376e+05,1.6131e+05,42263,68821,53667,3.4616e+05,73419,0,1.2523e+05,0,0,1.3132e+05,0,64155,0,0,16058,1.2492e+06,35386,14915,8.2047e+05,22490,0,55813,83485
0,0,0,0,0,0,0,0,0,0,0,0,0,0,0,0,0,0,0,0,0,0,0,0,0,0,0,0,0,0,0,0,0,0,0,0,0,0,0,0,0,0,0,0,0,0,0,41257,0,0,0,0,0,0,0,0,0,0,0,0,0,0,0,0,0,0,0,0,0,0,0,0,0,0,0,0,0,0,0,0,0,0,0,0,0,0,0,0,0,0,0,0,0,0,0,0,0,0,0,0,0,0,0,0,0,0,0,0,0,0,0,0,0,0,0,0,0,0,0,0,0,0,0,0,0,0,0,0,0,0,0,0,0,0,0,0,0,72584,0,0,0,0,0,0,0
0,0,0,0,1.2164e+05,0,0,0,0,0,0,0,0,0,6890.8,37268,0,0,0,0,0,0,75119,0,50476,5260.1,0,6150,0,0,0,0,0,0,0,0,61942,0,0,0,0,0,0,0,0,0,14658,0,1.5484e+05,0,0,7290,71997,0,0,0,0,0,0,0,0,0,0,2306.4,0,84971,0,89391,0,0,0,0,3586.9,0,43743,0,10541,0,0,0,0,1.3072e+05,0,45737,0,0,1.0549e+05,0,0,0,0,0,0,0,52397,0,0,0,1.899e+05,0,0,0,0,8381.9,0,0,0,49056,0,0,0,0,0,0,0,0,0,0,0,36178,0,0,0,0,0,11606,0,0,0,0,0,0,0,0,0,0,0,41884,0,0,0,0,0,0,0
0,0,3058.5,0,0,0,0,0,0,0,0,0,0,0,0,0,0,0,0,0,0,0,23657,0,0,0,0,0,0,938.19,0,0,0,0,0,0,19507,0,0,0,924.88,0,0,0,0,0,0,0,0,0,0,0,22674,0,0,1815.2,0,0,0,0,0,0,0,0,0,0,0,0,0,0,0,0,0,0,0,0,0,0,0,0,0,0,0,14404,0,0,0,0,0,0,0,0,0,0,0,0,0,0,59804,0,0,0,0,0,46544,0,0,0,0,0,0,0,0,0,0,0,0,0,0,11394,0,0,0,0,0,0,0,0,0,0,0,0,0,0,0,0,0,0,0,0,0,0,0,0,0
0,0,15879,0,1.9889e+05,0,0,0,0,8050.6,33311,0,0,0,11267,60936,28798,0,0,0,0,0,0,0,0,0,15682,0,0,0,0,0,0,29741,0,0,1.0128e+05,0,0,1682.9,0,0,0,0,0,0,0,38927,2.5317e+05,0,0,0,1.1772e+05,6386.5,0,0,0,0,0,0,0,0,10081,0,0,1.3894e+05,0,1.4616e+05,0,0,0,0,0,0,71524,0,17235,0,0,0,0,2.1374e+05,0,74784,31212,43503,1.7248e+05,8414.4,0,0,0,0,0,14312,85675,0,0,0,3.105e+05,0,0,0,0,0,2.4165e+05,0,9144.3,80211,0,0,0,0,3641.3,2788,0,0,0,0,0,59155,0,0,0,0,2942.1,18977,0,0,0,0,4574.1,0,0,0,0,0,0,68485,0,0,44979,0,0,0,0
0,0,0,0,1.5078e+05,0,0,0,0,6103,25252,0,0,23702,0,46194,0,0,0,0,0,0,93112,0,62567,0,0,0,0,0,0,0,5199.3,22546,2499,0,76779,0,0,0,0,0,0,0,0,5007.4,0,0,0,9712.2,0,0,0,0,0,0,0,0,0,0,0,0,0,0,0,1.0532e+05,0,1.108e+05,0,0,0,0,0,0,0,0,0,0,0,0,1029.1,1.6203e+05,0,56692,0,32979,1.3076e+05,0,15020,11143,0,0,0,0,64948,0,1834.7,0,2.3538e+05,0,0,0,0,0,1.8319e+05,0,0,60807,0,0,0,0,0,0,5609.9,0,1005.8,0,0,44844,17611,0,0,0,0,0,3051.2,0,0,0,0,0,0,2666.2,0,0,0,51917,0,0,0,0,0,0,0
0,0,27206,16239,3.4076e+05,2515.9,0,0,0,13793,57072,0,0,53569,19304,1.044e+05,49341,0,0,0,0,0,2.1044e+05,0,1.4141e+05,0,26869,0,0,8345.5,0,2164.2,0,50956,0,0,1.7352e+05,0,0,0,0,0,0,0,0,11317,41062,66695,4.3377e+05,0,0,0,2.017e+05,0,0,16147,0,0,0,0,0,0,0,0,0,2.3804e+05,0,2.5042e+05,2311.1,0,0,0,0,0,1.2254e+05,0,29530,0,0,0,0,3.662e+05,7831.1,1.2813e+05,53476,0,2.9552e+05,14416,33946,0,0,0,0,24520,1.4679e+05,0,0,5756.6,5.3198e+05,0,58444,0,0,0,4.1402e+05,0,0,1.3743e+05,0,0,0,0,0,0,0,0,0,0,0,1.0135e+05,39803,0,0,0,0,0,0,0,0,5766.9,0,0,0,0,0,0,0,1.1734e+05,0,0,77064,0,0,0,7841.4
0,0,0,2159.7,45320,0,0,0,0,0,0,0,0,0,0,0,0,0,0,0,0,0,27988,0,0,0,0,0,0,0,0,0,0,0,0,0,23078,0,0,0,0,0,0,0,0,0,0,0,0,0,0,0,0,0,0,0,0,0,0,0,0,0,0,0,0,31658,0,0,0,0,0,0,0,0,0,0,0,0,0,0,0,0,1041.5,17041,7112,0,39303,0,0,0,0,0,0,0,0,0,0,765.6,0,0,0,0,0,0,55063,0,0,0,0,0,0,0,0,0,0,0,0,0,0,13479,0,0,0,0,0,0,0,0,0,0,0,0,0,0,0,0,0,15605,0,0,10249,0,0,0,0
0,0,0,0,88755,0,0,0,0,0,0,0,0,13953,0,27193,0,0,0,0,0,0,54811,0,36830,0,0,0,0,2173.7,0,0,3060.6,0,0,0,0,0,0,0,0,0,0,0,0,0,10695,0,1.1298e+05,0,0,5319.2,52534,0,0,0,0,0,0,0,0,0,0,0,0,62000,0,65225,0,0,0,0,0,0,31918,0,7691.3,0,0,0,0,95380,0,0,0,19413,76971,3754.9,8841.7,0,0,0,0,0,38232,0,0,0,1.3856e+05,0,0,0,0,0,1.0784e+05,0,0,35794,0,0,0,0,0,0,0,0,0,0,0,0,0,0,0,0,0,0,0,0,0,0,0,0,0,0,0,0,0,30561,865.69,0,0,0,0,0,0
0,0,0,0,0,0,0,0,0,0,0,0,0,0,0,0,0,0,0,0,0,0,43113,0,0,0,0,0,0,0,0,0,0,10439,0,0,0,0,0,0,0,0,0,0,0,0,0,0,0,4497,0,0,0,0,0,0,0,0,0,0,0,0,0,0,0,0,0,51304,0,0,0,0,0,0,0,0,0,0,0,0,0,75024,0,0,0,0,0,0,0,0,0,0,0,5023.5,30073,0,0,0,0,0,11974,0,0,0,0,0,0,0,0,0,0,0,0,0,0,0,0,0,0,0,0,3104.1,0,0,0,0,0,0,0,0,0,0,0,0,0,0,0,24039,0,0,0,0,0,0,0
32644,0,44758,0,5.606e+05,0,18850,2233.9,0,22692,93890,0,8416,88127,31758,1.7175e+05,81171,0,0,0,5734.9,0,3.462e+05,0,2.3263e+05,24242,44202,0,0,0,0,3560.3,19331,83829,9291.6,0,2.8547e+05,0,0,4743.4,0,14339,5692.3,0,11035,18618,67552,1.0972e+05,7.136e+05,36111,0,33597,3.3181e+05,0,0,0,0,0,0,0,0,0,28413,10630,2987.5,3.916e+05,0,4.1197e+05,0,0,0,0,0,0,2.016e+05,0,48580,0,0,0,0,6.0244e+05,12883,2.1079e+05,87974,1.2262e+05,4.8616e+05,23717,55846,41429,0,0,15807,40339,2.4148e+05,0,0,9470.2,8.7517e+05,7419.1,96147,0,0,0,6.8111e+05,0,25774,2.2608e+05,0,3564.4,0,0,0,0,20858,16743,0,0,0,1.6673e+05,65480,24926,6530.5,0,8292.6,0,0,0,19351,0,0,0,0,9913.3,0,0,0,1.9303e+05,0,0,1.2678e+05,0,0,0,0
0,0,0,0,26308,0,0,0,0,0,0,0,0,0,0,0,0,0,0,0,0,0,0,0,0,0,0,0,0,0,0,0,0,0,0,0,0,0,0,0,0,0,0,0,0,0,0,0,33489,0,0,0,0,0,0,0,0,0,0,0,0,0,0,0,0,0,0,0,0,0,0,0,0,0,0,0,0,0,0,0,0,28272,0,0,0,0,22815,1113,2620.8,0,0,0,0,0,0,0,0,0,0,0,0,0,0,0,0,0,0,0,0,0,0,0,0,0,0,0,0,0,0,0,0,0,0,0,0,0,0,0,0,0,0,0,0,0,0,0,0,0,0,0,0,0,0,0,0
0,0,1.618e+05,96573,2.0265e+06,0,0,0,0,82029,3.3941e+05,0,30424,3.1858e+05,1.148e+05,6.2089e+05,2.9343e+05,0,0,0,0,0,1.2515e+06,0,8.4094e+05,87634,0,1.0246e+05,0,49631,0,12870,0,3.0304e+05,33589,59086,1.032e+06,0,15654,17147,48927,51835,0,0,0,0,2.442e+05,3.9664e+05,2.5796e+06,1.3054e+05,0,1.2145e+05,1.1995e+06,65073,30293,96028,10289,33966,25069,0,0,0,1.0271e+05,0,0,1.4156e+06,0,1.4893e+06,0,0,0,0,59759,0,7.2877e+05,0,1.7561e+05,0,6942.3,0,0,2.1778e+06,46572,7.6199e+05,3.1802e+05,4.4326e+05,1.7575e+06,85736,2.0188e+05,1.4976e+05,16092,0,0,1.4582e+05,8.7295e+05,0,24660,34235,3.1637e+06,0,3.4757e+05,0,0,1.3964e+05,2.4622e+06,0,93172,8.1728e+05,0,12885,0,44689,37102,0,75401,60527,0,0,0,0,2.3671e+05,90106,23608,38442,29978,1.9336e+05,41011,0,69953,34296,0,73352,0,0,0,0,0,6.978e+05,19766,8331.5,4.583e+05,12563,0,31176,0
31733,0,43509,0,5.4495e+05,0,18324,0,0,0,0,0,8181.1,85668,30871,1.6696e+05,78906,0,0,0,0,0,3.3654e+05,0,2.2614e+05,0,42969,0,0,13346,0,0,0,81489,0,15889,2.775e+05,0,0,0,13157,13939,0,0,10727,0,65667,1.0666e+05,6.9368e+05,35103,0,32659,3.2255e+05,0,0,0,0,9133.7,0,0,0,0,27620,0,0,3.8068e+05,0,4.0047e+05,0,0,1936.1,0,16070,0,1.9597e+05,0,47224,0,0,0,0,5.8562e+05,12524,2.049e+05,85519,1.192e+05,4.7259e+05,23055,54287,40273,0,0,0,39213,2.3474e+05,0,0,0,8.5074e+05,7212,93464,5323.5,0,37551,6.6211e+05,0,25055,0,0,0,0,12017,0,0,20276,16276,0,0,0,1.6208e+05,0,24230,6348.2,0,8061.2,0,0,0,18811,0,0,19725,0,9636.6,0,0,0,1.8764e+05,0,0,1.2324e+05,0,0,0,0
9023.3,0,0,7384.4,1.5496e+05,0,0,0,0,0,25953,0,0,0,0,47476,0,0,0,0,0,0,95695,0,64302,6700.9,0,0,0,0,0,0,0,0,0,0,0,0,0,0,0,0,0,0,0,0,18672,0,1.9725e+05,0,0,0,91719,0,0,0,0,0,0,0,0,0,0,0,0,1.0825e+05,1675.6,1.1388e+05,0,0,0,0,0,0,0,0,13428,0,0,0,0,1.6652e+05,0,58265,24317,33894,1.3438e+05,0,15437,11452,0,0,0,0,66750,0,0,0,2.4191e+05,0,0,0,0,10678,1.8827e+05,1622.5,0,62493,0,0,0,0,0,0,0,0,0,0,0,0,0,0,0,0,0,0,0,0,0,0,0,0,0,0,0,0,0,53357,0,0,35044,0,0,0,0
0,0,0,0,0,0,0,0,0,0,10559,0,0,0,0,19316,0,0,0,0,644.94,0,38934,0,0,0,0,0,0,0,0,0,0,0,0,0,0,0,487,0,0,0,0,0,0,0,0,12339,80252,0,0,0,37316,0,0,0,0,0,0,0,0,0,0,0,0,44040,0,46330,0,0,0,0,0,0,22672,0,0,0,0,0,0,0,0,0,0,0,54674,0,0,4659.1,0,0,0,0,0,0,767.15,0,98422,0,0,0,0,0,76598,0,0,0,0,0,0,0,0,0,0,1883,0,0,0,0,0,0,0,0,0,0,0,0,0,0,0,0,0,0,0,0,0,0,0,0,14258,0,0,969.87,0
17619,0,24157,14418,3.0257e+05,0,0,0,0,0,0,0,0,0,17140,0,43810,0,0,0,0,0,1.8685e+05,0,1.2555e+05,0,23857,0,0,0,0,0,10434,45244,0,0,1.5407e+05,0,0,0,0,7739.1,0,0,5955.8,10049,36459,59219,0,0,0,0,1.7909e+05,0,4522.8,0,0,0,0,0,0,0,0,0,0,2.1136e+05,0,2.2235e+05,0,0,0,0,8922.1,0,0,0,26220,0,0,0,0,3.2515e+05,0,1.1377e+05,47481,66180,2.6239e+05,0,30141,0,0,0,8531.4,0,1.3033e+05,0,0,0,4.7235e+05,0,51893,2955.7,0,20849,3.6761e+05,0,0,1.2202e+05,0,1923.8,0,0,5539.4,0,0,0,0,0,0,89990,35341,13453,0,0,0,28869,0,0,10444,5120.5,0,0,0,0,0,0,0,1.0418e+05,0,0,68426,0,0,4654.6,0
0,0,2876.2,0,0,0,0,0,0,0,6033.4,0,0,5663.1,0,0,0,0,0,0,0,0,22247,0,0,0,0,0,0,0,0,0,0,0,0,0,18344,0,0,0,0,0,0,0,0,0,4340.9,7050.7,45856,0,0,2159,21322,0,0,0,0,0,0,0,0,0,0,0,0,0,0,26474,0,0,0,0,0,0,0,0,0,0,0,0,0,38713,0,0,0,0,31241,0,0,0,0,0,0,0,0,0,0,0,56239,0,0,0,0,0,0,0,0,14528,0,0,0,0,0,0,0,0,0,0,0,0,0,0,0,0,0,0,0,0,1243.5,609.66,0,0,0,0,0,0,0,12404,0,0,8146.9,0,0,0,0
4563.2,0,6256.6,0,78364,0,0,0,0,3172,13125,0,0,12319,0,0,11347,0,0,0,0,0,0,0,0,0,0,0,0,0,0,497.68,2702.3,11718,1298.9,0,0,0,0,0,0,0,0,0,0,0,0,0,0,0,0,0,46383,0,0,0,0,0,0,0,0,0,0,0,0,0,0,57589,0,0,0,0,0,0,0,0,0,0,0,0,0,84213,0,29465,0,17140,67959,3315.3,0,0,0,0,2209.6,0,33756,0,0,0,1.2234e+05,0,13440,0,0,0,0,0,0,31604,0,0,0,0,0,0,0,0,0,0,0,23307,9153.3,0,0,0,0,0,1585.8,0,0,0,0,0,0,0,0,0,0,0,0,0,0,0,0,0,0
26345,0,36121,21560,4.5242e+05,3340.2,0,0,0,0,75772,0,0,71122,25630,1.3861e+05,65508,0,0,0,0,0,2.794e+05,0,1.8774e+05,19564,35673,22874,0,11080,0,0,0,67653,0,13191,2.3038e+05,0,0,0,10923,0,0,0,0,0,54517,88549,5.759e+05,0,0,0,2.6779e+05,0,0,0,0,0,0,4997.2,0,0,22930,0,0,3.1604e+05,0,3.3248e+05,0,0,0,0,13341,0,1.627e+05,0,0,0,0,0,0,4.8619e+05,0,1.7011e+05,70998,98958,0,19140,0,33435,0,0,12757,32555,1.9489e+05,0,5505.2,7642.8,7.0629e+05,0,77594,0,0,0,5.4968e+05,4737.1,0,0,0,0,0,0,8283,0,0,0,0,0,0,1.3456e+05,0,0,0,0,0,0,0,0,0,0,0,0,0,0,0,0,2002.5,1.5578e+05,0,0,1.0232e+05,0,0,6960,0
0,0,0,1315.4,0,0,0,0,0,0,4623.2,0,0,0,0,0,0,0,0,0,0,0,17047,0,0,0,0,0,0,0,0,0,0,0,0,0,14057,0,0,0,0,0,0,0,0,0,0,5402.7,35138,0,0,0,16339,0,0,0,0,0,0,0,0,0,0,0,0,0,0,20286,0,0,0,0,0,0,0,0,0,0,0,0,0,29664,0,10379,0,0,0,0,0,0,0,0,0,0,0,0,0,0,43094,0,0,0,0,0,33538,0,0,0,0,0,0,0,0,0,0,0,0,0,0,0,0,0,0,0,408.33,2633.8,0,0,0,0,0,0,0,0,0,0,0,9505,0,0,0,0,0,0,0
0,0,0,0,0,0,0,0,0,0,0,0,0,0,0,0,6916.4,0,0,0,0,0,29499,0,0,2065.6,0,0,0,0,0,0,0,0,0,0,0,0,0,0,0,0,0,0,0,0,0,0,0,0,0,0,28273,0,0,0,0,0,0,0,0,0,0,0,0,33368,0,35103,0,0,0,0,0,0,0,0,0,0,0,0,0,0,0,0,0,10448,0,0,0,0,0,0,0,0,20576,0,0,0,74572,0,0,0,0,0,58037,0,0,19264,0,0,0,0,0,0,0,0,0,0,0,14207,0,0,0,0,0,0,0,0,0,0,0,0,0,0,0,0,0,16448,0,0,10803,0,0,0,0
0,0,0,0,1.9615e+05,0,0,0,0,0,32851,0,0,0,0,0,28401,0,0,0,0,0,1.2113e+05,0,0,0,15466,9917.1,0,0,0,0,0,0,3251.1,0,99884,0,0,0,0,0,0,0,0,0,0,38390,2.4968e+05,12635,0,0,0,6298.4,2932,9294.6,0,0,0,0,0,0,9941.5,3719.2,0,1.3702e+05,0,1.4415e+05,0,0,0,0,0,0,0,0,16998,0,0,0,0,2.1079e+05,0,73753,0,0,1.701e+05,8298.4,0,0,0,0,0,0,84493,0,0,3313.6,3.0622e+05,0,0,0,0,13516,2.3832e+05,0,9018.2,79105,0,0,0,0,0,0,0,0,0,0,0,58339,0,0,0,0,0,18715,0,0,0,0,0,7099.7,0,0,0,0,0,67540,0,0,44359,0,0,0,4513.6
18030,0,0,14755,3.0963e+05,0,10411,0,0,0,51857,0,0,0,17540,94864,44833,0,0,0,0,0,1.9121e+05,2260.8,1.2849e+05,13389,0,0,0,7583.1,0,1966.4,0,46300,0,9027.6,1.5767e+05,0,0,0,0,0,0,0,0,10283,37310,60601,3.9414e+05,19945,0,0,1.8327e+05,9942.4,4628.4,0,0,0,0,0,0,0,15693,5871,0,2.1629e+05,3348,2.2754e+05,0,0,0,0,9130.5,0,1.1135e+05,0,26832,0,0,0,0,3.3274e+05,0,1.1642e+05,48590,67725,2.6852e+05,13099,30845,0,0,0,8730.5,0,1.3338e+05,0,3767.7,5230.6,4.8338e+05,0,53104,0,0,0,3.762e+05,0,0,1.2487e+05,0,0,0,0,5668.7,0,0,0,0,0,0,0,36166,13767,0,0,4580.2,29543,0,0,10688,0,0,11207,0,0,0,0,0,1.0662e+05,0,0,70023,0,0,0,7125
0,0,0,0,48493,0,0,0,0,0,0,0,0,0,0,0,7021.6,0,0,0,0,0,0,0,0,2097,3823.7,0,0,0,0,0,0,7251.4,0,0,0,0,0,0,0,0,0,0,0,0,0,0,61729,0,0,0,0,1557.1,0,0,0,0,0,0,0,0,0,0,0,0,0,35637,0,0,0,0,0,0,0,0,0,0,0,0,0,0,0,0,0,0,0,0,4830.8,0,0,0,0,0,0,0,0,0,75705,0,0,0,0,3341.6,58919,0,0,0,0,0,0,0,887.82,0,0,0,0,0,0,0,0,0,0,0,0,0,0,0,1673.9,0,0,0,0,0,0,0,0,16698,0,0,0,0,0,0,0
0,0,0,0,25049,0,0,0,0,0,0,0,0,0,0,0,0,0,0,0,0,0,0,0,10394,0,0,0,0,0,0,0,0,0,0,0,0,0,0,0,0,0,0,0,0,0,0,0,31885,0,0,0,0,0,0,0,0,0,0,0,0,0,0,0,0,0,0,0,0,0,0,0,0,0,9007.9,0,0,0,0,0,170.97,26918,575.65,0,0,0,21723,0,0,0,0,0,0,0,0,0,0,0,0,0,0,0,0,0,0,0,0,0,0,0,0,0,0,0,0,0,0,0,0,7450.1,0,0,0,0,0,0,0,0,0,0,0,0,0,0,0,0,0,0,0,0,0,0,0,0,0
0,0,0,0,1.205e+05,889.62,4051.7,0,0,0,20181,0,0,18942,0,0,17447,0,0,0,0,0,74413,0,0,0,0,0,0,0,0,0,4155.1,18018,0,3513.2,61359,0,0,0,0,0,0,0,0,0,14520,0,1.5338e+05,0,0,0,71321,0,0,0,0,0,0,0,0,0,0,0,0,84172,0,88550,0,0,0,0,0,0,0,0,10442,0,0,0,822.44,1.2949e+05,0,0,0,26356,1.045e+05,0,0,0,0,0,0,0,0,0,0,2035.6,1.8811e+05,0,0,0,0,0,1.464e+05,0,0,48595,0,0,0,0,0,0,0,0,0,0,0,35838,0,5357.6,0,0,0,0,0,0,0,0,0,0,0,0,0,0,0,0,0,0,0,0,0,0,0
0,0,0,0,0,0,0,0,0,0,0,0,0,0,0,0,0,0,0,0,0,0,0,0,0,0,0,0,0,0,0,0,0,0,0,0,0,0,0,0,0,0,0,0,0,0,0,0,0,0,0,0,0,0,0,0,0,0,0,0,0,0,0,0,0,0,0,0,0,0,0,0,0,0,0,0,0,0,0,0,0,13275,0,0,0,0,0,0,0,0,0,0,0,0,0,0,0,0,0,0,0,0,0,0,0,0,0,0,0,0,0,0,0,0,0,0,0,0,0,0,0,0,0,0,0,0,0,0,0,0,0,0,0,0,0,0,0,0,0,0,0,0,0,0,0
0,0,0,0,0,0,0,0,0,0,0,0,0,0,0,0,0,0,0,0,0,0,0,0,0,0,0,0,0,0,0,0,0,0,0,0,0,0,0,0,0,0,0,0,0,0,0,0,0,0,0,0,0,0,0,0,0,0,0,0,0,0,0,0,0,0,0,0,0,0,0,0,0,0,0,0,0,0,0,0,0,26380,0,0,0,0,0,0,0,0,0,0,0,0,0,0,0,0,0,0,0,0,0,0,0,0,0,0,0,0,0,0,0,0,0,0,0,0,0,0,0,0,0,0,0,0,0,0,0,0,0,0,0,0,0,0,0,8452.7,0,0,0,0,0,0,0
8079.2,0,11077,0,1.3874e+05,0,0,0,0,0,23237,0,0,0,0,0,20089,0,0,0,0,0,85682,0,57574,5999.7,0,7014.8,0,3397.9,0,0,0,0,0,0,70652,0,0,0,0,0,0,0,0,0,0,0,1.7661e+05,0,0,8315.1,82122,0,0,0,0,0,0,0,0,0,7032.1,0,0,96920,0,1.0196e+05,0,0,0,0,0,0,49894,0,0,0,0,0,0,0,0,0,21773,0,1.2032e+05,0,0,0,0,0,3912.1,0,59766,0,0,0,2.166e+05,0,0,0,0,9560.6,1.6857e+05,0,0,55954,0,0,0,0,0,0,0,0,0,0,0,41266,16206,6169,0,0,0,0,0,0,0,0,0,0,0,0,0,0,0,47774,0,0,31377,0,0,0,0
1.8212e+05,0,0,1.4904e+05,3.1276e+06,23091,0,0,0,1.266e+05,5.2382e+05,0,0,4.9167e+05,1.7718e+05,9.5823e+05,4.5286e+05,0,0,0,0,0,1.9315e+06,22837,1.2979e+06,1.3525e+05,2.4661e+05,1.5813e+05,0,76597,51498,0,1.0785e+05,4.6769e+05,51839,91188,1.5927e+06,0,24160,26464,75511,79999,0,0,61565,1.0387e+05,3.7688e+05,6.1214e+05,3.9812e+06,2.0146e+05,0,1.8744e+05,1.8512e+06,1.0043e+05,0,1.482e+05,0,52421,38689,34546,0,0,1.5852e+05,59304,0,2.1848e+06,0,2.2984e+06,0,0,11112,0,92228,0,1.1247e+06,0,2.7103e+05,0,0,17854,0,3.361e+06,71876,1.176e+06,4.9081e+05,6.841e+05,2.7123e+06,1.3232e+05,3.1157e+05,2.3113e+05,0,0,88188,2.2505e+05,1.3473e+06,0,0,52835,4.8826e+06,0,0,0,0,2.1552e+05,3.8e+06,0,1.438e+05,1.2613e+06,0,0,14481,68970,57261,43843,1.1637e+05,0,0,0,0,9.3022e+05,3.6532e+05,1.3906e+05,36434,59329,46265,0,63293,0,1.0796e+05,52930,71929,1.1321e+05,0,55307,0,0,0,0,30506,0,7.0731e+05,19388,0,0,71970
0,0,0,0,0,0,0,0,0,0,13438,0,0,12613,0,24582,0,0,0,0,0,0,0,0,0,0,0,0,0,0,0,0,0,0,0,0,0,0,0,0,0,0,0,0,0,0,0,0,1.0213e+05,0,842.93,0,0,0,0,0,0,0,0,0,0,0,0,0,0,0,0,58963,0,0,0,0,0,0,0,0,0,0,0,0,0,86224,0,0,12591,17550,0,0,0,0,0,0,0,5773.5,0,0,0,0,0,0,0,0,0,0,97484,840.11,0,0,0,0,0,0,0,0,0,0,0,0,0,0,0,0,0,0,0,0,0,0,0,0,0,0,0,0,0,0,0,27628,0,0,0,0,0,0,0
0,0,0,2637.1,55338,0,0,0,0,0,0,0,0,0,0,0,0,0,0,0,0,0,0,0,0,0,0,0,0,0,0,0,0,0,0,0,0,0,0,0,0,0,0,0,0,0,0,0,70441,0,0,0,0,0,0,0,0,0,0,0,0,0,0,0,0,0,0,0,0,0,0,0,0,0,0,0,0,0,0,0,0,59468,0,0,0,0,0,0,0,0,0,0,0,0,23837,0,0,0,0,0,9490.9,0,0,0,67234,0,2544.2,22317,0,0,0,0,0,0,0,0,0,0,0,0,0,2460.5,0,0,0,5280,0,0,0,0,0,0,0,0,0,0,0,19055,0,0,0,0,0,0,0
1.2005e+05,0,1.646e+05,98245,2.0616e+06,0,0,8215.5,13165,83450,3.4529e+05,0,30951,3.2409e+05,1.1679e+05,6.3164e+05,2.9851e+05,0,0,0,0,0,1.2732e+06,0,8.5551e+05,89152,1.6256e+05,1.0424e+05,0,50491,0,0,71093,3.0829e+05,34171,60109,1.0498e+06,0,0,0,0,0,0,0,0,68469,2.4843e+05,4.0351e+05,2.6243e+06,1.328e+05,21659,1.2356e+05,1.2203e+06,0,30817,97692,0,34554,0,0,0,0,0,39091,0,1.4402e+06,0,1.5151e+06,13982,0,0,0,0,0,7.4139e+05,0,0,0,0,0,14072,2.2155e+06,0,7.7519e+05,3.2353e+05,4.5094e+05,1.7879e+06,87221,2.0538e+05,1.5236e+05,16371,0,58131,1.4835e+05,8.8807e+05,0,25087,34828,3.2185e+06,27284,3.5359e+05,20140,0,1.4206e+05,2.5049e+06,0,94786,8.3144e+05,0,0,0,45463,37745,0,76707,61575,0,0,0,6.1318e+05,2.4081e+05,91667,0,0,30497,1.9671e+05,0,0,71164,34890,0,74622,0,36457,0,0,0,7.0989e+05,0,0,0,0,31252,31716,47441
0,0,0,4362.6,0,0,0,0,0,0,0,0,0,0,0,0,0,0,0,0,0,0,56536,0,37989,0,0,0,0,0,0,0,0,13690,0,0,0,0,0,0,0,0,0,0,0,0,0,17918,1.1653e+05,0,0,0,54187,0,0,0,0,0,0,0,0,0,0,0,0,63951,0,67277,0,0,0,0,0,0,0,0,0,0,0,522.6,0,98381,0,0,0,0,79392,0,9119.9,0,0,0,2581.3,0,39435,0,0,0,1.4292e+05,0,0,0,0,0,1.1123e+05,0,0,36920,0,0,0,0,0,0,0,0,0,0,0,27228,0,0,0,0,0,8734.9,0,0,0,0,0,0,0,0,0,0,0,31523,0,0,0,0,0,0,0
0,0,0,0,35251,0,0,0,0,0,0,0,0,0,0,0,0,0,0,0,0,0,0,0,0,0,0,0,0,0,0,0,0,0,0,0,0,0,0,0,0,0,0,0,0,0,0,0,0,0,0,0,0,0,0,0,0,0,0,0,0,0,0,0,0,0,0,0,0,0,0,0,1039.5,0,0,0,0,0,0,0,0,0,0,0,5531.8,0,0,0,0,0,0,0,0,0,0,0,0,0,55031,0,0,0,0,0,0,0,0,0,0,0,0,0,0,0,0,0,0,0,0,0,0,0,0,0,0,0,0,0,0,0,0,0,0,0,0,0,0,0,0,0,0,0,0,0,0
18539,0,25419,0,0,2350.6,0,0,0,0,53323,0,4779.7,0,18036,97544,46099,0,0,0,0,0,1.9662e+05,0,1.3212e+05,0,25104,0,0,0,0,0,0,0,5277,0,1.6213e+05,0,0,0,7686.7,8143.6,0,0,0,10574,38365,0,4.0527e+05,0,0,19081,1.8845e+05,10223,4759.1,0,0,0,0,0,0,0,16137,0,0,2.224e+05,0,2.3397e+05,2159.2,0,0,0,9388.4,936.27,1.1449e+05,0,27590,0,0,0,0,3.4214e+05,0,1.1971e+05,49963,69639,2.7611e+05,0,31716,0,2528.1,0,8977.2,0,1.3715e+05,0,0,5378.4,4.9703e+05,0,54605,0,0,21939,3.8682e+05,0,14638,1.284e+05,0,0,0,7020.9,0,0,0,0,0,0,0,94693,37188,0,0,6039.5,0,30378,0,0,0,0,0,0,0,0,0,0,0,0,0,0,0,0,0,0,0
16045,0,21999,13131,2.7554e+05,0,0,0,0,0,46148,0,0,43315,15609,84419,39896,0,0,0,0,0,1.7016e+05,0,1.1434e+05,11915,0,13931,0,6748.1,0,0,9501.6,41203,4566.9,8033.6,1.4031e+05,0,0,0,0,0,2797.8,0,0,0,33202,53929,3.5074e+05,17749,0,16513,1.6309e+05,0,0,0,0,0,0,0,0,0,0,0,0,1.9248e+05,0,2.0249e+05,0,0,0,0,0,0,99087,0,23877,0,0,0,0,2.961e+05,6332.2,1.036e+05,43240,60268,2.3895e+05,0,27449,0,0,0,7769.3,19827,1.1869e+05,0,3352.9,0,4.3015e+05,3646.5,47257,0,0,18987,3.3478e+05,0,0,0,0,0,0,0,0,0,0,8229.6,0,0,0,0,32184,0,3209.8,5226.8,0,26290,0,0,0,0,0,0,0,4872.5,0,0,0,94877,0,0,62313,0,0,0,0
